Date,Clutch,Larva,Observer,Final speed (cm/s),Time(min),Time(sec),Notes,Photo,Preserved,,,
15-May-19,1,1,ES/CK,2,2,5,,1,1,,,
15-May-19,1,2,ES/CK,2,2,0,Pinned to mesh,1,1,,,
15-May-19,1,3,ES/CK,2,3,44,,1,1,,,
15-May-19,1,4,ES/CK,4,5,6,,1,1,,,
15-May-19,1,5,ES/CK,4,5,16,,1,1,,,
15-May-19,1,6,ES/CK,2,2,33,,1,1,,,
15-May-19,1,7,ES/CK,4,4,10,,1,1,,,
15-May-19,1,8,ES/CK,2,2,20,,1,1,,,
15-May-19,1,9,ES/CK,6,7,48,,1,1,,,
15-May-19,1,10,CK,6,6,50,,1,1,,,
15-May-19,1,11,ES,4,4,5,,1,1,,,
15-May-19,1,12,ES,2,3,46,,1,1,,,
15-May-19,1,13,CK,6,7,26,,1,1,,,
15-May-19,1,14,ES,6,7,16,,1,1,,,
15-May-19,1,15,CK,8,8,44,,1,1,,,
15-May-19,1,16,ES,6,7,7,,1,1,,,
15-May-19,1,17,CK,8,8,45,,1,1,,,
15-May-19,1,18,ES,6,6,19,,1,1,,,
15-May-19,1,19,CK,6,6,39,,1,1,,,
15-May-19,1,20,ES,6,6,59,,1,1,,,
15-May-19,1,21,CK,4,4,22,,1,1,,,
15-May-19,1,22,ES,2,3,16,,1,1,,,
15-May-19,1,23,CK,2,3,5,,1,1,,,
15-May-19,1,24,CK,4,4,35,,1,1,,,
15-May-19,1,25,CK,6,6,10,,1,1,,,
15-May-19,1,26,CK,4,4,10,,1,1,,,
15-May-19,1,27,CK,6,7,43,,1,1,,,
15-May-19,1,28,CK,4,5,15,,1,1,,,
15-May-19,1,29,CK,2,2,50,,1,1,,,
15-May-19,1,30,CK,2,3,21,,1,1,,,
16-May-19,2,1,CK,2,2,47,,1,1,,,
16-May-19,2,2,ES,6,7,17,,1,1,,,
16-May-19,2,3,CK,2,3,38,,1,1,,,
16-May-19,2,4,CK,2,2,46,,1,1,,,
16-May-19,2,5,ES,4,4,25,,1,1,,,
16-May-19,2,6,CK,4,4,15,,1,1,,,
16-May-19,2,7,ES,4,4,5,,1,1,,,
16-May-19,2,8,CK,6,6,10,,1,1,,,
16-May-19,2,9,ES,4,5,30,,1,1,,,
16-May-19,2,10,CK,4,4,28,,1,1,,,
16-May-19,2,11,ES,6,7,3,,1,1,,,
16-May-19,2,12,ES,4,5,28,,1,1,,,
16-May-19,2,13,ES,8,8,0,,1,1,,,
16-May-19,2,14,CK,4,4,20,,1,1,,,
16-May-19,2,15,ES,4,4,31,,1,1,,,
16-May-19,2,16,CK,4,4,44,,1,1,,,
16-May-19,2,17,ES,2,3,29,,1,1,,,
16-May-19,2,18,CK,4,4,22,,1,1,,,
16-May-19,2,19,CK,4,4,17,,1,1,,,
16-May-19,2,20,ES,6,6,55,,1,1,,,
16-May-19,2,21,CK,4,4,17,,1,1,,,
16-May-19,2,22,ES,2,3,30,,1,1,,,
16-May-19,2,23,CK,4,5,23,,1,1,,,
16-May-19,2,24,ES,6,6,15,,1,1,,,
16-May-19,2,25,CK,2,2,46,,1,1,,,
16-May-19,2,26,CK,2,2,27,,1,1,,,
16-May-19,2,27,ES,8,9,18,,1,1,,,
16-May-19,2,28,CK,4,5,28,,1,1,,,
16-May-19,2,29,CK,6,6,47,,1,1,,,
16-May-19,2,30,ES,6,7,11,,1,1,,,
17-May-19,3,1,CK,6,6,38,,1,1,,,
17-May-19,3,2,ES,6,7,46,,1,1,,,
17-May-19,3,3,CK,4,5,1,,1,1,,,
17-May-19,3,4,CK,2,2,15,,1,1,,,
17-May-19,3,5,ES,8,8,5,,1,1,,,
17-May-19,3,6,CK,6,7,41,,1,1,,,
17-May-19,3,7,ES,4,4,2,,1,1,,,
17-May-19,3,8,CK,6,6,41,,1,1,,,
17-May-19,3,9,ES,6,7,11,,1,1,,,
17-May-19,3,10,CK,6,7,19,,1,1,,,
17-May-19,3,11,ES,4,5,31,,1,1,,,
17-May-19,3,12,CK,2,3,11,,1,1,,,
17-May-19,3,13,CK,2,2,7,,1,1,,,
17-May-19,3,14,CK/ES,4,4,44,,1,1,,,
17-May-19,3,15,ES,6,7,0,,1,1,,,
17-May-19,3,16,CK,2,2,37,,1,1,,,
17-May-19,3,17,ES,8,8,45,,1,1,,,
17-May-19,3,18,CK,8,8,51,,1,1,,,
17-May-19,3,19,ES,6,7,3,,1,1,,,
17-May-19,3,20,ES,8,8,33,,1,1,,,
17-May-19,3,21,CK,4,5,15,,1,1,,,
17-May-19,3,22,CK,6,6,45,,1,1,,,
17-May-19,3,23,ES,2,3,19,,1,1,,,
17-May-19,3,24,ES,6,7,26,,1,1,,,
17-May-19,3,25,CK,6,7,30,,1,1,,,
17-May-19,3,26,CK,2,3,25,,1,1,,,
17-May-19,3,27,ES,4,4,32,,1,1,,,
17-May-19,3,28,ES,2,2,57,,1,1,,,
17-May-19,3,29,ES,4,4,44,,1,1,,,
17-May-19,3,30,ES,4,5,56,,1,1,,,
20-May-19,4,1,CK,4,4,22,,1,1,,,
20-May-19,4,2,ES,4,5,59,,1,1,,,
20-May-19,4,3,CK,2,3,22,,1,1,,,
20-May-19,4,4,ES,2,2,21,,1,1,,,
20-May-19,4,5,CK,2,3,32,,1,1,,,
20-May-19,4,6,ES,6,6,36,,1,1,,,
20-May-19,4,7,CK,4,4,11,,1,1,,,
20-May-19,4,8,CK,4,5,0,,1,1,,,
20-May-19,4,9,ES,6,6,58,,1,1,,,
20-May-19,4,10,CK,4,5,9,,1,1,,,
20-May-19,4,11,CK,2,2,11,,1,1,,,
20-May-19,4,12,ES,2,2,24,,1,1,,,
20-May-19,4,13,CK,4,4,13,,1,1,,,
20-May-19,4,14,ES,6,6,57,,1,1,,,
20-May-19,4,15,CK,8,8,18,,1,1,,,
20-May-19,4,16,CK,6,6,8,,1,1,,,
20-May-19,4,17,ES,4,5,56,,1,1,,,
20-May-19,4,18,CK,2,2,45,,1,1,,,
20-May-19,4,19,ES,2,2,3,,1,1,,,
20-May-19,4,20,CK,4,5,24,,1,1,,,
20-May-19,4,21,ES,2,3,21,,1,1,,,
20-May-19,4,22,CK,2,2,50,,1,1,,,
20-May-19,4,23,ES,8,8,2,,1,1,,,
20-May-19,4,24,CK,2,2,8,,1,1,,,
20-May-19,4,25,ES,2,2,10,,1,1,,,
20-May-19,4,26,CK,2,2,14,,1,1,,,
20-May-19,4,27,ES,4,5,53,,1,1,,,
20-May-19,4,28,CK,2,2,20,,1,1,,,
20-May-19,4,29,CK,2,3,27,,1,1,,,
20-May-19,4,30,ES,4,4,16,,1,1,,,
28-May-19,5,1,ES,8,8,36,,1,1,,,
28-May-19,5,2,CK,6,7,17,,1,1,,,
28-May-19,5,3,CK,8,8,57,,1,1,,,
28-May-19,5,4,ES,4,4,21,,1,1,,,
28-May-19,5,5,ES,6,7,24,,1,1,,,
28-May-19,5,6,CK,10,10,10,,1,1,,,
28-May-19,5,7,ES,8,9,36,,1,1,,,
28-May-19,5,8,CK,2,3,6,,1,1,,,
28-May-19,5,9,ES,8,8,52,,1,1,,,
28-May-19,5,10,CK,8,8,26,,1,1,,,
28-May-19,5,11,ES,12,12,19,,1,1,,,
28-May-19,5,12,CK,4,5,42,,1,1,,,
28-May-19,5,13,CK,8,9,1,,1,1,,,
28-May-19,5,14,ES,6,6,15,,1,1,,,
28-May-19,5,15,CK,4,4,16,,1,1,,,
28-May-19,5,16,CK,8,9,18,,1,1,,,
28-May-19,5,17,ES,8,8,40,,1,1,,,
28-May-19,5,18,CK,8,8,37,Weird deformity on head,1,1,,,
28-May-19,5,19,ES,4,5,16,,1,1,,,
28-May-19,5,20,ES,6,6,50,,1,1,,,
28-May-19,5,21,CK,4,4,17,,1,1,,,
28-May-19,5,22,CK,6,6,51,,1,1,,,
28-May-19,5,23,ES,10,10,20,,1,1,,,
28-May-19,5,24,CK,8,9,11,,1,1,,,
28-May-19,5,25,ES,8,8,25,,1,1,,,
28-May-19,5,26,CK,6,7,20,,1,1,,,
28-May-19,5,27,ES,8,8,0,,1,1,,,
28-May-19,5,28,CK,2,2,47,,1,1,,,
28-May-19,5,29,CK,8,8,28,,1,1,,,
28-May-19,5,30,ES,6,6,26,,1,1,,,
29-May-19,6,1,ES,4,4,34,,1,1,,,
29-May-19,6,2,ES,6,6,50,,1,1,,,
29-May-19,6,3,ES,6,6,48,,1,1,,,
29-May-19,6,4,ES,4,4,23,,1,1,,,
29-May-19,6,5,ES,6,6,28,,1,1,,,
29-May-19,6,6,ES,4,5,58,,1,1,,,
29-May-19,6,7,ES,4,4,23,,1,1,,,
29-May-19,6,8,ES,4,5,23,,1,1,,,
29-May-19,6,9,ES,4,5,16,,1,1,,,
29-May-19,6,10,ES,4,5,50,,1,1,,,
29-May-19,6,11,ES,8,8,22,,1,1,,,
29-May-19,6,12,ES,8,8,10,,1,1,,,
29-May-19,6,13,ES,6,7,30,,1,1,,,
29-May-19,6,14,ES,4,5,24,,1,1,,,
29-May-19,6,15,ES,6,7,48,,1,1,,,
29-May-19,6,16,ES,6,7,16,,1,1,,,
3-Jun-19,7,1,CK,2,3,6,not preserved,0,0,,,
3-Jun-19,7,2,ES,6,6,56,,1,1,,,
3-Jun-19,7,3,CK,6,7,57,,1,1,,,
3-Jun-19,7,4,ES,2,3,58,,1,1,,,
3-Jun-19,7,5,CK,4,5,47,,1,1,,,
3-Jun-19,7,6,ES,8,8,44,,1,1,,,
3-Jun-19,7,7,CK,4,4,24,,1,1,,,
3-Jun-19,7,8,CK,6,6,36,,1,1,,,
3-Jun-19,7,9,ES,10,10,50,,1,1,,,
3-Jun-19,7,10,CK,8,8,19,,1,1,,,
3-Jun-19,7,11,CK,6,6,33,,1,1,,,
3-Jun-19,7,12,ES,8,8,17,,1,1,,,
3-Jun-19,7,13,ES,6,6,42,,1,1,,,
3-Jun-19,7,14,ES,4,5,27,,1,1,,,
4-Jun-19,8,1,CK,4,5,35,,1,1,,,
4-Jun-19,8,2,CK,4,5,14,,1,1,,,
4-Jun-19,8,3,CK,6,6,13,,1,1,,,
4-Jun-19,8,4,CK,2,2,31,,1,1,,,
4-Jun-19,8,5,CK,8,8,19,,1,1,,,
4-Jun-19,8,6,CK,8,8,10,,1,1,,,
4-Jun-19,8,7,ES,8,8,44,,1,1,,,
4-Jun-19,8,8,CK,4,4,43,,1,1,,,
4-Jun-19,8,9,ES,6,6,54,,1,1,,,
4-Jun-19,8,10,CK,8,8,5,,1,1,,,
4-Jun-19,8,11,ES,4,4,47,,1,1,,,
4-Jun-19,8,12,CK,2,2,36,,1,1,,,
4-Jun-19,8,13,CK,8,8,17,,1,1,,,
4-Jun-19,8,14,ES,6,7,20,,1,1,,,
4-Jun-19,8,15,ES,10,10,0,,1,1,,,
4-Jun-19,8,16,CK,8,8,12,,1,1,,,
4-Jun-19,8,17,CK,2,2,34,,1,1,,,
4-Jun-19,8,18,ES,8,9,18,,1,1,,,
4-Jun-19,8,19,CK,2,3,20,,1,1,,,
4-Jun-19,8,20,CK,8,8,34,,1,1,,,
4-Jun-19,8,21,ES,8,9,29,,1,1,,,
4-Jun-19,8,22,CK,4,5,43,,1,1,,,
4-Jun-19,8,23,ES,10,10,20,,1,1,,,
4-Jun-19,8,24,CK,2,3,26,,1,1,,,
4-Jun-19,8,25,CK,6,6,22,,1,1,,,
4-Jun-19,8,26,ES,8,8,17,,1,1,,,
4-Jun-19,8,27,CK,8,8,36,,1,1,,,
4-Jun-19,8,28,ES,8,8,20,,1,1,,,
4-Jun-19,8,29,CK,8,8,45,,1,1,,,
4-Jun-19,8,30,ES,6,7,20,,1,1,,,
7-Jun-19,9,1,ES,4,4,56,DOA,1,1,,,
7-Jun-19,9,2,CK,8,8,39,DOA,1,1,,,
7-Jun-19,9,3,ES,8,8,28,,1,1,,,
7-Jun-19,9,4,CK,8,10,31,,1,1,,,
7-Jun-19,9,5,ES,8,9,28,DOA,1,1,,,
7-Jun-19,9,6,CK,6,7,49,,1,1,,,
7-Jun-19,9,7,ES,8,8,13,DOA,1,1,,,
7-Jun-19,9,8,CK,8,8,36,DOA,1,1,,,
7-Jun-19,9,9,ES,10,10,20,DOA,1,1,,,
7-Jun-19,9,10,CK,8,8,24,DOA,1,1,,,
7-Jun-19,9,11,ES,2,3,49,DOA,1,1,,,
7-Jun-19,9,12,CK,6,7,46,,1,1,,,
7-Jun-19,9,13,ES,8,8,0,DOA,1,1,,,
7-Jun-19,9,14,CK,4,4,8,,1,1,,,
7-Jun-19,9,15,ES,6,7,41,,1,1,,,
7-Jun-19,9,16,CK,10,11,31,,1,1,,,
7-Jun-19,9,17,ES,8,9,20,,1,1,,,
7-Jun-19,9,18,CK,8,9,6,,1,1,,,
7-Jun-19,9,19,CK,8,8,40,,1,1,,,
7-Jun-19,9,20,ES,8,8,15,,1,1,,,
7-Jun-19,10,1,ES,4,5,7,swam out back of flume,1,1,,,
7-Jun-19,10,2,ES,4,5,46,,1,1,,,
7-Jun-19,10,3,ES,4,5,25,,1,1,,,
7-Jun-19,10,4,ES,6,7,44,,1,1,,,
7-Jun-19,10,5,ES,6,7,29,DOA,1,1,,,
7-Jun-19,10,6,ES,4,4,0,,1,1,,,
7-Jun-19,10,7,ES,6,7,23,,1,1,,,
7-Jun-19,10,8,ES,8,8,4,,1,1,,,
7-Jun-19,10,9,ES,2,3,20,DOA,1,1,,,
7-Jun-19,10,10,ES,4,4,49,,1,1,,,
7-Jun-19,10,11,ES,6,6,47,,1,1,,,
7-Jun-19,10,12,ES,8,8,13,DOA,1,1,,,
7-Jun-19,10,13,ES,8,8,42,,1,1,,,
7-Jun-19,10,14,ES,4,4,4,DOA,1,1,,,
7-Jun-19,10,15,ES,2,3,55,,1,1,,,
10-Jun-19,11,1,CK,6,6,49,DOA,1,1,,,
10-Jun-19,11,2,ES,8,8,21,,1,1,,,
10-Jun-19,11,3,CK,6,6,20,,1,1,,,
10-Jun-19,11,4,ES,6,7,22,,1,1,,,
10-Jun-19,11,5,CK,6,6,22,,1,1,,,
10-Jun-19,11,6,ES,6,7,27,DOA,1,1,,,
10-Jun-19,11,7,CK,6,6,14,,1,1,,,
10-Jun-19,11,8,ES,2,3,22,Swam out back of flume; DUA,1,1,,,
10-Jun-19,11,9,CK,8,8,21,,1,1,,,
10-Jun-19,11,10,CK,8,8,30,,1,1,,,
10-Jun-19,11,11,ES,4,5,35,,1,1,,,
10-Jun-19,11,12,ES,6,6,40,,1,1,,,
10-Jun-19,11,13,CK,4,4,8,,1,1,,,
10-Jun-19,11,14,CK,4,4,28,,1,1,,,
10-Jun-19,11,15,ES,6,6,20,,1,1,,,
10-Jun-19,11,16,ES,2,2,54,,1,1,,,
10-Jun-19,11,17,ES,4,5,40,,1,1,,,
10-Jun-19,11,18,ES,4,4,52,,1,1,,,
10-Jun-19,11,19,ES,2,3,17,,1,1,,,
10-Jun-19,11,20,ES,12,12,20,,1,1,,,
10-Jun-19,11,21,ES,6,7,48,,1,1,,,
10-Jun-19,11,22,ES,6,6,27,DOA,1,1,,,
10-Jun-19,11,23,ES,6,6,26,,1,1,,,
10-Jun-19,11,24,ES,4,4,0,,1,1,,,
10-Jun-19,11,25,ES,8,8,7,,1,1,,,
10-Jun-19,11,26,ES,8,8,16,,1,1,,,
10-Jun-19,11,27,ES,8,8,34,,1,1,,,
10-Jun-19,11,28,ES,4,4,40,,1,1,,,
10-Jun-19,11,29,ES,2,2,25,,1,1,,,
10-Jun-19,11,30,ES,4,5,27,,1,1,,,
11-Jun-19,12,1,CK,8,8,0,,1,1,,,
11-Jun-19,12,2,CK,8,8,20,,1,1,,,
11-Jun-19,12,3,CK,2,3,56,,1,1,,,
11-Jun-19,12,4,CK,6,7,58,,1,1,,,
11-Jun-19,12,5,CK,8,8,29,,1,1,,,
11-Jun-19,12,6,CK,2,2,20,,1,1,,,
11-Jun-19,12,7,CK,4,4,58,,1,1,,,
11-Jun-19,12,8,CK,10,11,29,,1,1,,,
11-Jun-19,12,9,CK,6,7,22,,1,1,,,
11-Jun-19,12,10,CK,8,8,53,,1,1,,,
11-Jun-19,12,11,CK,6,6,18,,1,1,,,
11-Jun-19,12,12,CK,4,5,51,,1,1,,,
11-Jun-19,12,13,CK,2,3,34,,1,1,,,
11-Jun-19,12,14,CK,6,6,36,,1,1,,,
11-Jun-19,12,15,CK,4,5,50,,1,1,,,
11-Jun-19,12,16,CK,8,9,42,,1,1,,,
11-Jun-19,12,17,CK,4,4,55,,1,1,,,
11-Jun-19,12,18,CK,2,2,25,,1,1,,,
11-Jun-19,12,19,CK,2,3,0,,1,1,,,
11-Jun-19,12,20,CK,6,7,1,,1,1,,,
11-Jun-19,12,21,CK,4,4,14,,1,1,,,
11-Jun-19,12,22,CK,10,11,13,DOA,1,1,,,
11-Jun-19,12,23,CK,4,4,21,,1,1,,,
11-Jun-19,12,24,ES,10,10,41,,1,1,,,
11-Jun-19,12,25,ES,4,4,33,,1,1,,,
11-Jun-19,12,26,ES,6,6,47,,1,1,,,
11-Jun-19,12,27,ES,8,9,12,,1,1,,,
11-Jun-19,12,28,ES,6,6,19,,1,1,,,
11-Jun-19,12,29,ES,10,10,0,,1,1,,,
11-Jun-19,12,30,ES,8,9,51,,1,1,,,
12-Jun-19,13,1,CK,4,4,39,,1,1,,,
12-Jun-19,13,2,CK,4,4,0,,1,1,,,
12-Jun-19,13,3,CK,4,4,14,,1,1,,,
12-Jun-19,13,4,CK,2,3,38,,1,1,,,
12-Jun-19,13,5,CK,2,2,33,,1,1,,,
12-Jun-19,13,6,CK,2,2,13,,1,1,,,
12-Jun-19,13,7,CK,6,6,6,,1,1,,,
12-Jun-19,13,8,CK,2,2,16,,1,1,,,
12-Jun-19,13,9,CK,4,4,36,,1,1,,,
12-Jun-19,13,10,CK,2,3,30,,1,1,,,
12-Jun-19,13,11,CK,8,8,15,,1,1,,,
12-Jun-19,13,12,CK,2,3,1,,1,1,,,
12-Jun-19,13,13,CK,4,5,13,,1,1,,,
12-Jun-19,13,14,CK,4,4,10,,1,1,,,
12-Jun-19,13,15,CK,2,3,52,,1,1,,,
12-Jun-19,13,16,CK,4,4,10,,1,1,,,
12-Jun-19,13,17,CK,4,4,6,,1,1,,,
12-Jun-19,13,18,CK,2,2,18,,1,1,,,
12-Jun-19,13,19,CK,4,5,14,DOA,1,1,,,
12-Jun-19,13,20,CK,2,2,59,,1,1,,,
12-Jun-19,13,21,CK,4,4,7,,1,1,,,
12-Jun-19,13,22,CK,4,5,45,,1,1,,,
12-Jun-19,13,23,CK,4,4,6,,1,1,,,
12-Jun-19,13,24,CK,2,3,52,,1,1,,,
12-Jun-19,13,25,CK,6,7,39,,1,1,,,
12-Jun-19,13,26,CK,2,3,48,,1,1,,,
12-Jun-19,13,27,CK,4,4,10,,1,1,,,
12-Jun-19,13,28,CK,2,2,28,,1,1,,,
12-Jun-19,13,29,CK,6,7,30,,1,1,,,
12-Jun-19,13,30,CK,4,5,51,,1,1,,,
13-Jun-19,14,1,ES,4,5,29,,1,1,,,
13-Jun-19,14,2,ES,4,4,41,,1,1,,,
13-Jun-19,14,3,ES,6,6,40,,1,1,,,
13-Jun-19,14,4,ES,6,6,15,,1,1,,,
13-Jun-19,14,5,ES,8,9,27,,1,1,,,
13-Jun-19,14,6,ES,6,6,32,,1,1,,,
13-Jun-19,14,7,ES,4,4,26,,1,1,,,
13-Jun-19,14,8,ES,6,7,55,,1,1,,,
13-Jun-19,14,9,ES,8,8,45,,1,1,,,
13-Jun-19,14,10,ES,8,8,20,,1,1,,,
13-Jun-19,14,11,ES,4,4,50,,1,1,,,
13-Jun-19,14,12,ES,6,7,42,,1,1,,,
13-Jun-19,14,13,ES,6,7,51,,1,1,,,
13-Jun-19,14,14,ES,2,2,4,,1,1,,,
13-Jun-19,14,15,ES,6,6,44,,1,1,,,
13-Jun-19,14,16,ES,6,7,44,same vial as 17,1,0,,,
13-Jun-19,14,17,ES,4,4,9,same vial as 16,1,0,,,
13-Jun-19,14,18,ES,8,8,20,,1,1,,,
13-Jun-19,14,19,ES,2,2,56,,1,1,,,
13-Jun-19,14,20,ES,6,6,39,,1,1,,,
13-Jun-19,14,21,ES,6,6,57,,1,1,,,
13-Jun-19,14,22,ES,4,5,26,,1,1,,,
13-Jun-19,14,23,ES,2,2,35,,1,1,,,
13-Jun-19,14,24,ES,2,2,42,,1,1,,,
13-Jun-19,14,25,ES,8,8,22,,1,1,,,
13-Jun-19,14,26,ES,8,9,10,,1,1,,,
13-Jun-19,14,27,ES,4,5,25,,1,1,,,
13-Jun-19,14,28,ES,6,7,32,,1,1,,,
13-Jun-19,14,29,ES,2,2,30,,1,1,,,
13-Jun-19,14,30,ES,8,8,36,,1,1,,,
17-Jun-19,15,1,CK,8,8,21,,1,1,,,
17-Jun-19,15,2,CK,4,4,15,,1,1,,,
17-Jun-19,15,3,CK,6,7,12,,1,1,,,
17-Jun-19,15,4,CK,8,8,8,,1,1,,,
17-Jun-19,15,5,CK,8,8,13,,1,1,,,
17-Jun-19,15,6,ES,6,7,21,,1,1,,,
17-Jun-19,15,7,ES,4,4,35,DOA,1,1,,,
17-Jun-19,15,8,ES,8,8,7,,1,1,,,
17-Jun-19,15,9,CK,6,6,30,DOA,1,1,,,
17-Jun-19,15,10,CK,4,4,57,,1,1,,,
17-Jun-19,15,11,CK,6,7,30,,1,1,,,
17-Jun-19,15,12,ES,6,7,46,,1,1,,,
17-Jun-19,15,13,ES,4,5,17,,1,1,,,
17-Jun-19,15,14,CK,2,2,7,,1,1,,,
17-Jun-19,15,15,CK,4,5,46,,1,1,,,
17-Jun-19,15,16,ES,8,8,5,,1,1,,,
17-Jun-19,15,17,CK,2,2,53,,1,1,,,
17-Jun-19,15,18,CK,4,5,33,,1,1,,,
17-Jun-19,15,19,ES,6,7,45,,1,1,,,
17-Jun-19,15,20,CK,6,6,49,,1,1,,,
17-Jun-19,15,21,ES,8,9,40,,1,1,,,
17-Jun-19,15,22,ES,10,10,41,,1,1,,,
17-Jun-19,15,23,CK,6,6,20,,1,1,,,
17-Jun-19,15,24,CK,8,8,46,,1,1,,,
17-Jun-19,15,25,CK,6,6,55,,1,1,,,
17-Jun-19,15,26,CK,8,9,32,,1,1,,,
17-Jun-19,15,27,CK,10,11,40,,1,1,,,
17-Jun-19,15,28,ES,6,6,0,,1,1,,,
17-Jun-19,15,29,ES,6,6,0,,1,1,,,
17-Jun-19,15,30,ES,8,9,19,,1,1,,,
19-Jun-19,16,1,ES,6,6,30,,1,1,,,
19-Jun-19,16,2,ES,4,5,14,,1,1,,,
19-Jun-19,16,3,CK,6,7,58,,1,1,,,
19-Jun-19,16,4,ES,6,7,1,,1,1,,,
19-Jun-19,16,5,CK,6,7,55,,1,1,,,
19-Jun-19,16,6,CK,6,6,10,,1,1,,,
19-Jun-19,16,7,ES,6,7,0,,1,1,,,
19-Jun-19,16,8,CK,8,8,27,,1,1,,,
19-Jun-19,16,9,ES,8,8,13,,1,1,,,
19-Jun-19,16,10,CK,8,8,54,,1,1,,,
19-Jun-19,16,11,ES,10,10,8,,1,1,,,
19-Jun-19,16,12,CK,6,7,24,,1,1,,,
19-Jun-19,16,13,ES,8,8,22,,1,1,,,
19-Jun-19,16,14,CK,2,2,59,,1,1,,,
19-Jun-19,16,15,CK,2,3,28,,1,1,,,
19-Jun-19,16,16,ES,8,8,12,,1,1,,,
19-Jun-19,16,17,CK,8,8,19,,1,1,,,
19-Jun-19,16,18,CK,4,4,2,DOA,1,1,,,
19-Jun-19,16,19,CK,6,7,16,,1,1,,,
19-Jun-19,16,20,ES,6,7,34,,1,1,,,
19-Jun-19,16,21,CK,6,6,56,,1,1,,,
19-Jun-19,16,22,CK,6,7,15,,1,1,,,
19-Jun-19,16,23,ES,8,8,20,,1,1,,,
19-Jun-19,16,24,CK,4,4,48,,1,1,,,
19-Jun-19,16,25,ES,8,9,22,,1,1,,,
19-Jun-19,16,26,CK,6,7,9,,1,1,,,
19-Jun-19,16,27,CK,6,6,17,,1,1,,,
19-Jun-19,16,28,ES,10,10,32,,1,1,,,
19-Jun-19,16,29,CK,6,6,18,,1,1,,,
19-Jun-19,16,30,CK,2,2,40,,1,1,,,
21-Jun-19,17,1,CK,6,6,25,,1,1,,,
21-Jun-19,17,2,ES,6,7,58,,1,1,,,
21-Jun-19,17,3,CK,4,4,30,,1,1,,,
21-Jun-19,17,4,ES,8,8,16,,1,1,,,
21-Jun-19,17,5,CK,6,6,59,DOA,1,1,,,
21-Jun-19,17,6,ES,6,7,41,,1,1,,,
21-Jun-19,17,7,CK,4,4,43,,1,1,,,
21-Jun-19,17,8,CK,4,4,16,,1,1,,,
21-Jun-19,17,9,ES,2,3,57,,1,1,,,
21-Jun-19,17,10,CK,4,4,10,,1,1,,,
21-Jun-19,17,11,CK,6,7,6,,1,1,,,
21-Jun-19,17,12,ES,4,5,40,,1,1,,,
21-Jun-19,17,13,ES,8,8,13,,1,1,,,
21-Jun-19,17,14,CK,6,7,31,,1,1,,,
21-Jun-19,17,15,ES,8,8,22,,1,1,,,
21-Jun-19,17,16,CK,4,4,10,,1,1,,,
21-Jun-19,17,17,CK,4,5,58,,1,1,,,
21-Jun-19,17,18,ES,8,8,58,,1,1,,,
21-Jun-19,17,19,CK,2,2,30,,1,1,,,
21-Jun-19,17,20,ES,8,8,53,,1,1,,,
21-Jun-19,17,21,CK,4,5,53,,1,1,,,
21-Jun-19,17,22,ES,8,8,3,,1,1,,,
21-Jun-19,17,23,CK,6,7,27,,1,1,,,
21-Jun-19,17,24,ES,6,6,27,,1,1,,,
21-Jun-19,17,25,CK,6,6,28,,1,1,,,
21-Jun-19,17,26,ES,8,8,11,,1,1,,,
21-Jun-19,17,27,CK,4,5,29,,1,1,,,
21-Jun-19,17,28,CK,10,10,31,,1,1,,,
21-Jun-19,17,29,ES,6,7,16,,1,1,,,
21-Jun-19,17,30,ES,4,4,28,,1,1,,,
26-Jun-19,18,1,CK,4,4,12,,1,1,,,
26-Jun-19,18,2,CK,6,6,10,,1,1,,,
26-Jun-19,18,3,CK,4,4,20,,1,1,,,
26-Jun-19,18,4,CK,4,5,52,,1,1,,,
26-Jun-19,18,5,CK,2,2,20,,1,1,,,
26-Jun-19,18,6,CK,2,3,43,,1,1,,,
26-Jun-19,18,7,CK,4,4,43,,1,1,,,
26-Jun-19,18,8,CK,4,4,41,,1,1,,,
26-Jun-19,18,9,CK,4,4,34,,1,1,,,
26-Jun-19,18,10,ES,2,3,58,DOA,1,1,,,
26-Jun-19,18,11,CK,4,4,34,,1,1,,,
26-Jun-19,18,12,ES,8,8,12,,1,1,,,
26-Jun-19,18,13,CK,8,8,28,,1,1,,,
26-Jun-19,18,14,ES,8,8,25,,1,1,,,
26-Jun-19,18,15,CK,2,3,2,,1,1,,,
26-Jun-19,18,16,CK,4,4,8,,1,1,,,
26-Jun-19,18,17,CK,4,4,53,,1,1,,,
26-Jun-19,18,18,CK,6,7,0,,1,1,,,
26-Jun-19,18,19,CK,6,6,22,,1,1,,,
26-Jun-19,18,20,ES,8,8,31,,1,1,,,
26-Jun-19,18,21,CK,6,6,30,,1,1,,,
26-Jun-19,18,22,ES,6,7,55,,1,1,,,
26-Jun-19,18,23,CK,6,6,19,,1,1,,,
26-Jun-19,18,24,ES,6,6,5,,1,1,,,
26-Jun-19,18,25,CK,2,3,26,,1,1,,,
26-Jun-19,18,26,CK,10,10,20,,1,1,,,
26-Jun-19,18,27,ES,8,8,30,,1,1,,,
26-Jun-19,18,28,CK,2,3,23,,1,1,,,
26-Jun-19,18,29,ES,6,6,2,no photo (MIA),0,0,,,
26-Jun-19,18,30,CK,4,5,54,,1,1,,,
27-Jun-19,19,1,ES,6,6,2,,,,,,
27-Jun-19,19,2,ES,8,8,52,,,,,,
27-Jun-19,19,3,ES,2,2,33,,,,,,
27-Jun-19,19,4,ES,6,6,59,,,,,,
27-Jun-19,19,5,ES,6,6,59,,,,,,
27-Jun-19,19,6,ES,8,8,39,,,,,,
27-Jun-19,19,7,ES,4,5,31,,,,,,
27-Jun-19,19,8,ES,4,4,0,,,,,,
27-Jun-19,19,9,ES,4,5,48,,,,,,
27-Jun-19,19,10,ES,2,3,19,,,,,,
27-Jun-19,19,11,ES,2,3,46,,,,,,
27-Jun-19,19,12,ES,8,8,2,,,,,,
27-Jun-19,19,13,ES,8,8,49,,,,,,
27-Jun-19,19,14,ES,6,7,4,,,,,,
27-Jun-19,19,15,ES,2,2,37,,,,,,
27-Jun-19,19,16,ES,8,9,20,,,,,,
27-Jun-19,19,17,ES,2,3,12,,,,,,
27-Jun-19,19,18,ES,6,7,33,,,,,,
27-Jun-19,19,19,ES,8,8,3,,,,,,
27-Jun-19,19,20,ES,6,6,42,,,,,,
27-Jun-19,19,21,ES,8,9,20,,,,,,
27-Jun-19,19,22,ES,8,8,16,,,,,,
27-Jun-19,19,23,ES,8,8,7,,,,,,
27-Jun-19,19,24,ES,4,4,28,,,,,,
27-Jun-19,19,25,ES,8,8,43,,,,,,
27-Jun-19,19,26,ES,4,4,51,,,,,,
27-Jun-19,19,27,ES,8,9,58,,,,,,
27-Jun-19,19,28,ES,6,6,23,,,,,,
27-Jun-19,19,29,ES,2,3,39,,,,,,
27-Jun-19,19,30,ES,8,8,16,,,,,,
28-Jun-19,20,1,CK,8,8,16,,,,,,
28-Jun-19,20,2,CK,6,6,6,,,,,,
28-Jun-19,20,3,ES,6,6,12,DOA,,,,,
28-Jun-19,20,4,CK,4,4,33,,,,,,
28-Jun-19,20,5,CK,4,4,22,,,,,,
28-Jun-19,20,6,ES,8,8,29,,,,,,
28-Jun-19,20,7,ES,4,4,37,,,,,,
28-Jun-19,20,8,CK,4,4,59,,,,,,
28-Jun-19,20,9,CK,10,10,54,,,,,,
28-Jun-19,20,10,CK,4,5,42,,,,,,
28-Jun-19,20,11,CK,6,7,21,,,,,,
28-Jun-19,20,12,CK,6,6,24,,,,,,
28-Jun-19,20,13,CK,6,6,11,,,,,,
28-Jun-19,20,14,CK,8,9,9,,,,,,
28-Jun-19,20,15,ES,2,2,47,,,,,,
28-Jun-19,20,16,CK,2,2,56,,,,,,
28-Jun-19,20,17,ES,4,4,45,,,,,,
28-Jun-19,20,18,CK,6,7,40,,,,,,
28-Jun-19,20,19,ES,2,2,17,,,,,,
28-Jun-19,20,20,ES,6,6,23,,,,,,
28-Jun-19,20,21,CK,6,6,56,,,,,,
28-Jun-19,20,22,CK,2,2,44,,,,,,
28-Jun-19,20,23,CK,8,8,14,,,,,,
28-Jun-19,20,24,CK,6,6,20,,,,,,
28-Jun-19,20,25,CK,6,6,58,,,,,,
28-Jun-19,20,26,CK,6,7,6,,,,,,
28-Jun-19,20,27,CK,6,7,10,,,,,,
28-Jun-19,20,28,ES,2,2,44,,,,,,
28-Jun-19,20,29,CK,10,10,49,,,,,,
28-Jun-19,20,30,ES,8,9,19,,,,,,
1-Jul-19,21,1,ES,6,7,4,,,,,,
1-Jul-19,21,2,CK,2,3,36,,,,,,
1-Jul-19,21,3,CK,4,4,11,DOA,,,,,
1-Jul-19,21,4,CK,2,3,27,DOA,,,,,
1-Jul-19,21,5,ES,4,4,59,,,,,,
1-Jul-19,21,6,CK,4,5,40,,,,,,
1-Jul-19,21,7,ES,2,3,31,,,,,,
1-Jul-19,21,8,CK,2,2,24,,,,,,
1-Jul-19,21,9,ES,6,6,7,,,,,,
1-Jul-19,21,10,CK,2,2,17,,,,,,
1-Jul-19,21,11,ES,6,6,58,,,,,,
1-Jul-19,21,12,ES,6,6,31,,,,,,
1-Jul-19,21,13,ES,4,5,20,DOA,,,,,
1-Jul-19,21,14,ES,2,2,50,,,,,,
1-Jul-19,21,15,ES,2,3,16,,,,,,
1-Jul-19,21,16,ES,2,3,19,,,,,,
1-Jul-19,21,17,ES,4,4,13,,,,,,
1-Jul-19,21,18,ES,4,4,8,,,,,,
1-Jul-19,21,19,ES,2,2,45,,,,,,
1-Jul-19,21,20,ES,8,8,2,,,,,,
1-Jul-19,21,21,CK,2,2,41,,,,,,
1-Jul-19,21,22,ES,2,3,28,,,,,,
1-Jul-19,21,23,CK,2,2,25,,,,,,
1-Jul-19,21,24,CK,2,2,39,,,,,,
1-Jul-19,21,25,CK,6,7,14,,,,,,
1-Jul-19,21,26,CK,2,2,31,,,,,,
1-Jul-19,21,27,CK,2,2,57,,,,,,
1-Jul-19,21,28,CK,4,4,35,,,,,,
1-Jul-19,21,29,ES,6,6,3,,,,,,
1-Jul-19,21,30,CK,6,6,57,,,,,,
2-Jul-19,22,1,ES,4,4,5,,,,,,
2-Jul-19,22,2,ES,6,6,46,,,,,,
2-Jul-19,22,3,ES,4,4,32,,,,,,
2-Jul-19,22,4,ES,6,6,45,,,,,,
2-Jul-19,22,5,CK,6,7,38,,,,,,
2-Jul-19,22,6,ES,4,4,21,,,,,,
2-Jul-19,22,7,ES,2,2,2,,,,,,
2-Jul-19,22,8,ES,4,5,35,,,,,,
2-Jul-19,22,9,ES,4,4,9,,,,,,
2-Jul-19,22,10,ES,6,7,49,,,,,,
2-Jul-19,22,11,ES,6,6,4,,,,,,
2-Jul-19,22,12,ES,8,8,42,,,,,,
2-Jul-19,22,13,ES,8,8,47,,,,,,
2-Jul-19,22,14,CK,4,4,15,,,,,,
2-Jul-19,22,15,ES,8,8,20,,,,,,
2-Jul-19,22,16,ES,4,4,29,,,,,,
3-Jul-19,23,1,ES,2,2,45,,,,,,
3-Jul-19,23,2,CK,6,7,9,,,,,,
3-Jul-19,23,3,ES,4,4,35,,,,,,
3-Jul-19,23,4,CK,2,2,8,,,,,,
3-Jul-19,23,5,ES,2,3,20,DOA,,,,,
3-Jul-19,23,6,CK,6,6,42,DOA,,,,,
3-Jul-19,23,7,ES,4,5,36,,,,,,
3-Jul-19,23,8,CK,6,7,58,,,,,,
3-Jul-19,23,9,ES,4,5,29,,,,,,
3-Jul-19,23,10,CK,4,4,33,,,,,,
3-Jul-19,23,11,ES,2,3,2,,,,,,
3-Jul-19,23,12,CK,4,4,19,DOA,,,,,
3-Jul-19,23,13,CK,6,7,0,,,,,,
3-Jul-19,23,14,ES,2,2,42,,,,,,
3-Jul-19,23,15,ES,4,5,47,,,,,,
3-Jul-19,23,16,ES,2,2,4,,,,,,
3-Jul-19,23,17,ES,2,3,35,,,,,,
3-Jul-19,23,18,ES,2,3,19,,,,,,
3-Jul-19,23,19,ES,6,6,7,,,,,,
3-Jul-19,23,20,ES,6,6,2,,,,,,
3-Jul-19,23,21,ES,4,4,27,,,,,,
3-Jul-19,23,22,ES,2,3,19,,,,,,
3-Jul-19,23,23,ES,6,7,28,,,,,,
3-Jul-19,23,24,CK,6,6,15,,,,,,
3-Jul-19,23,25,ES,4,4,16,,,,,,
3-Jul-19,23,26,CK,2,2,11,,,,,,
3-Jul-19,23,27,CK,2,3,58,,,,,,
3-Jul-19,23,28,ES,6,6,17,,,,,,
3-Jul-19,23,29,CK,8,9,56,,,,,,
3-Jul-19,23,30,ES,2,2,44,,,,,,
11-Jul-19,24,1,ES,6,7,27,,1,1,,,
11-Jul-19,24,2,CK,8,8,0,,1,1,,,
11-Jul-19,24,3,ES,2,3,49,,1,1,,,
11-Jul-19,24,4,CK,6,6,36,,1,1,,,
11-Jul-19,24,5,ES,4,4,55,,1,1,,,
11-Jul-19,24,6,CK,8,9,15,DOA but okay,1,1,,,
11-Jul-19,24,7,ES,4,4,28,,1,1,,,
11-Jul-19,24,8,CK,8,9,38,,1,1,,,
11-Jul-19,24,9,ES,2,3,3,,1,1,,,
11-Jul-19,24,10,ES,6,6,20,,1,1,,,
11-Jul-19,24,11,CK,4,5,25,,1,1,,,
11-Jul-19,24,12,CK,2,2,30,,1,1,,,
11-Jul-19,24,13,ES,4,4,0,,1,1,,,
11-Jul-19,24,14,CK,2,3,2,,1,1,,,
11-Jul-19,24,15,ES,4,4,7,,1,1,,,
11-Jul-19,24,16,CK,6,7,7,,1,1,,,
11-Jul-19,24,17,ES,4,4,47,,1,1,,,
11-Jul-19,24,18,CK,6,7,24,,1,1,,,
11-Jul-19,24,19,CK,6,7,24,,1,1,,,
13-Jul-19,25,1,ES,4,4,23,,1,1,,,
13-Jul-19,25,2,ES,6,7,19,,1,1,,,
13-Jul-19,25,3,ES,4,4,59,,1,1,,,
13-Jul-19,25,4,ES,4,4,22,,1,1,,,
13-Jul-19,25,5,ES,4,5,31,,1,1,,,
13-Jul-19,25,6,ES,6,6,15,,1,1,,,
13-Jul-19,25,7,ES,6,6,10,,1,1,,,
13-Jul-19,25,8,ES,4,4,29,,1,1,,,
13-Jul-19,25,9,ES,6,7,38,,1,1,,,
13-Jul-19,25,10,ES,4,4,47,,1,1,,,
13-Jul-19,25,11,ES,8,8,22,,1,1,,,
13-Jul-19,25,12,ES,2,3,10,,1,1,,,
13-Jul-19,25,13,ES,6,7,58,,1,1,,,
13-Jul-19,25,14,ES,4,4,19,,1,1,,,
13-Jul-19,25,15,ES,6,7,5,,1,1,,,
13-Jul-19,25,16,ES,4,4,13,,1,1,,,
13-Jul-19,25,17,ES,2,3,48,,1,1,,,
13-Jul-19,25,18,ES,4,4,44,,1,1,,,
13-Jul-19,25,19,ES,4,4,27,,1,1,,,
13-Jul-19,25,20,ES,4,4,45,,1,1,,,
15-Jul-19,26,1,ES,6,6,30,,1,1,,,
15-Jul-19,26,2,ES,8,8,18,,1,1,,,
15-Jul-19,26,3,ES,4,4,37,crooked spine,1,1,,,
15-Jul-19,26,4,ES,6,6,53,,1,1,,,
15-Jul-19,26,5,ES,2,2,49,,1,1,,,
15-Jul-19,26,6,ES,6,6,25,,1,1,,,
15-Jul-19,26,7,ES,4,4,44,,1,1,,,
15-Jul-19,26,8,ES,4,5,50,,1,1,,,
15-Jul-19,26,9,ES,2,2,10,,1,1,,,
15-Jul-19,26,10,ES,8,8,52,,1,1,,,
15-Jul-19,26,11,ES,4,5,45,crooked spine,1,1,,,
15-Jul-19,27,1,CK,8,8,35,,1,1,,,
15-Jul-19,27,2,CK,6,7,44,,1,1,,,
15-Jul-19,27,3,CK,6,7,10,,1,1,,,
15-Jul-19,27,4,CK,6,7,31,,1,1,,,
15-Jul-19,27,5,CK,10,10,38,,1,1,,,
15-Jul-19,27,6,CK,4,4,5,,1,1,,,
15-Jul-19,27,7,CK,8,8,47,,1,1,,,
15-Jul-19,27,8,CK,4,5,37,,0,0,,,
15-Jul-19,27,9,CK,6,6,10,,1,1,,,
15-Jul-19,27,10,CK,8,8,28,,1,1,,,
15-Jul-19,27,11,CK,6,6,44,,1,1,,,
15-Jul-19,27,12,CK,10,10,0,,1,1,,,
15-Jul-19,27,13,CK,4,4,59,crooked spine,1,1,,,
16-Jul-19,28,1,CK,6,7,49,,1,1,,,
16-Jul-19,28,2,ES,4,4,28,DOA,1,1,,,
16-Jul-19,28,3,CK,4,4,42,,1,1,,,
16-Jul-19,28,4,ES,2,2,27,,1,1,,,
16-Jul-19,28,5,ES,4,4,55,,1,1,,,
16-Jul-19,28,6,ES,8,8,12,,1,1,,,
16-Jul-19,28,7,CK,6,6,14,,1,1,,,
16-Jul-19,28,8,CK,6,6,6,,1,1,,,
16-Jul-19,28,9,ES,4,5,19,,1,1,,,
16-Jul-19,28,10,CK,2,2,10,,1,1,,,
16-Jul-19,28,11,ES,4,4,49,,1,1,,,
16-Jul-19,28,12,CK,6,7,44,,1,1,,,
16-Jul-19,28,13,ES,2,3,38,,1,1,,,
16-Jul-19,28,14,CK,8,8,12,,1,1,,,
16-Jul-19,28,15,ES,4,4,34,,1,1,,,
16-Jul-19,28,16,CK,6,7,42,,1,1,,,
16-Jul-19,28,17,ES,2,2,18,,1,1,,,
16-Jul-19,28,18,ES,6,6,46,,1,1,,,
16-Jul-19,28,19,CK,6,7,45,,1,1,,,
16-Jul-19,28,20,ES,4,5,49,,1,1,,,
16-Jul-19,28,21,CK,10,10,0,,1,1,,,
16-Jul-19,28,22,ES,2,2,27,,1,1,,,
16-Jul-19,28,23,ES,8,8,58,,1,1,,,
16-Jul-19,28,24,CK,4,4,49,,1,1,,,
16-Jul-19,28,25,CK,4,5,11,,1,1,,,
16-Jul-19,28,26,ES,4,4,34,,1,1,,,
16-Jul-19,28,27,CK,8,9,2,,1,1,,,
16-Jul-19,28,28,ES,2,2,13,,1,1,,,
16-Jul-19,28,29,ES,8,8,14,,1,1,,,
16-Jul-19,28,30,CK,2,2,22,,1,1,,,
17-Jul-19,29,1,ES,8,9,7,,1,1,,,
17-Jul-19,29,2,CK,2,3,47,,1,1,,,
17-Jul-19,29,3,CK,6,7,4,,1,1,,,
17-Jul-19,29,4,ES,6,6,25,,1,1,,,
17-Jul-19,29,5,ES,8,9,42,,1,1,,,
17-Jul-19,29,6,ES,6,7,51,,1,1,,,
17-Jul-19,29,7,ES,2,3,10,,1,1,,,
17-Jul-19,29,8,ES,8,8,10,,1,1,,,
17-Jul-19,29,9,CK,4,5,55,,1,1,,,
17-Jul-19,29,10,ES,4,4,26,,1,1,,,
17-Jul-19,29,11,CK,4,4,17,,1,1,,,
17-Jul-19,29,12,ES,6,6,19,,1,1,,,
17-Jul-19,29,13,CK,4,4,21,,1,1,,,
17-Jul-19,29,14,CK,2,2,33,,1,1,,,
17-Jul-19,29,15,ES,8,8,27,,1,1,,,
17-Jul-19,29,16,CK,6,6,23,,1,1,,,
17-Jul-19,29,17,CK,6,6,42,,1,1,,,
17-Jul-19,29,18,ES,8,8,26,,1,1,,,
17-Jul-19,29,19,CK,8,8,7,,1,1,,,
17-Jul-19,29,20,CK,6,6,11,,1,1,,,
17-Jul-19,29,21,ES,8,8,56,,1,1,,,
17-Jul-19,29,22,CK,2,3,40,,1,1,,,
17-Jul-19,29,23,CK,8,8,44,,1,1,,,
17-Jul-19,29,24,ES,8,8,51,,1,1,,,
17-Jul-19,29,25,CK,8,8,17,,1,1,,,
17-Jul-19,29,26,ES,2,3,29,,1,1,,,
17-Jul-19,29,27,ES,6,7,16,,1,1,,,
17-Jul-19,29,28,CK,6,6,12,,1,1,,,
17-Jul-19,29,29,CK,8,9,21,,1,1,,,
17-Jul-19,29,30,ES,2,2,16,,1,1,,,
18-Jul-19,30,1,CK,8,8,10,,1,1,,,
18-Jul-19,30,2,ES,6,6,52,,1,1,,,
18-Jul-19,30,3,CK,4,4,49,,1,1,,,
18-Jul-19,30,4,ES,6,6,55,,1,1,,,
18-Jul-19,30,5,ES,4,5,42,,1,1,,,
18-Jul-19,30,6,CK,6,7,10,,1,1,,,
18-Jul-19,30,7,ES,10,10,20,,1,1,,,
18-Jul-19,30,8,CK,4,4,39,,1,1,,,
18-Jul-19,30,9,CK,4,5,27,,1,1,,,
18-Jul-19,30,10,CK,8,9,24,,1,1,,,
18-Jul-19,30,11,ES,2,3,47,,1,1,,,
18-Jul-19,30,12,ES,2,3,45,,1,1,,,
18-Jul-19,30,13,CK,4,5,12,,1,1,,,
18-Jul-19,30,14,ES,4,4,10,DOA,1,1,,,
18-Jul-19,30,15,CK,6,6,29,,1,1,,,
18-Jul-19,30,16,ES,6,6,12,,1,1,,,
18-Jul-19,30,17,CK,8,8,13,,1,1,,,
18-Jul-19,30,18,CK,6,6,14,,1,1,,,
18-Jul-19,30,19,ES,2,2,52,,1,1,,,
18-Jul-19,30,20,ES,4,5,20,,1,1,,,
18-Jul-19,30,21,CK,2,2,54,,1,1,,,
18-Jul-19,30,22,CK,8,8,15,,1,1,,,
18-Jul-19,30,23,ES,6,6,17,,1,1,,,
18-Jul-19,30,24,CK,10,10,40,,1,1,,,
18-Jul-19,30,25,ES,6,6,44,,1,1,,,
18-Jul-19,30,26,CK,4,4,0,,1,1,,,
18-Jul-19,30,27,ES,8,8,11,,1,1,,,
18-Jul-19,30,28,CK,4,5,7,,1,1,,,
18-Jul-19,30,29,CK,4,4,59,,1,1,,,
18-Jul-19,30,30,ES,4,4,14,MIA,0,0,,,
26-Jul-19,31,1,CK,2,3,57,,1,1,,,
26-Jul-19,31,2,ES,2,3,54,,1,1,,,
26-Jul-19,31,3,ES,4,4,22,,1,1,,,
26-Jul-19,31,4,ES,2,3,52,,1,1,,,
26-Jul-19,31,5,CK,2,2,41,,1,1,,,
26-Jul-19,31,6,CK,2,2,13,,1,1,,,
26-Jul-19,31,7,CK,2,2,8,,1,1,,,
26-Jul-19,31,8,CK,2,2,58,,1,1,,,
26-Jul-19,31,9,ES,6,7,19,,1,1,,,
26-Jul-19,31,10,ES,6,7,41,,1,1,,,
26-Jul-19,31,11,ES,4,5,58,,1,1,,,
26-Jul-19,31,12,ES,4,4,19,,1,1,,,
26-Jul-19,31,13,CK,4,4,57,,1,1,,,
26-Jul-19,31,14,CK,4,4,15,,1,1,,,
26-Jul-19,31,15,ES,6,7,44,,1,1,,,
26-Jul-19,31,16,CK,2,2,47,,1,1,,,
26-Jul-19,31,17,CK,4,4,6,,1,1,,,
26-Jul-19,31,18,ES,6,7,13,,1,1,,,
26-Jul-19,31,19,CK,2,2,13,,1,1,,,
26-Jul-19,31,20,CK,2,3,58,,1,1,,,
26-Jul-19,31,21,ES,6,7,32,,1,1,,,
26-Jul-19,31,22,CK,2,3,30,,1,1,,,
26-Jul-19,31,23,CK,4,5,22,,1,1,,,
26-Jul-19,31,24,ES,2,2,12,,1,1,,,
26-Jul-19,31,25,ES,4,5,25,,1,1,,,
26-Jul-19,31,26,CK,4,5,14,,1,1,,,
26-Jul-19,31,27,CK,4,4,18,,1,1,,,
26-Jul-19,31,28,ES,2,2,0,,1,1,,,
26-Jul-19,31,29,CK,2,2,22,,1,1,,,
26-Jul-19,31,30,CK,4,5,0,,1,1,,,
29-Jul-19,32,1,CK,6,7,5,,1,1,,,
29-Jul-19,32,2,ES,2,2,22,,1,1,,,
29-Jul-19,32,3,CK,8,8,38,,1,1,,,
29-Jul-19,32,4,ES,4,4,14,,1,1,,,
29-Jul-19,32,5,ES,4,4,33,,1,1,,,
29-Jul-19,32,6,CK,4,5,56,,1,1,,,
29-Jul-19,32,7,ES,4,5,19,,1,1,,,
29-Jul-19,32,8,CK,6,7,21,,1,1,,,
29-Jul-19,32,9,ES,4,4,38,,1,1,,,
29-Jul-19,32,10,CK,6,6,57,,1,1,,,
29-Jul-19,32,11,ES,2,3,15,,1,1,,,
29-Jul-19,32,12,CK,4,5,12,,1,1,,,
29-Jul-19,32,13,CK,4,4,19,,1,1,,,
29-Jul-19,32,14,ES,4,4,18,,1,1,,,
29-Jul-19,32,15,CK,8,8,10,,1,1,,,
29-Jul-19,32,16,ES,6,6,35,,1,1,,,
29-Jul-19,32,17,CK,4,5,55,DOA,1,1,,,
29-Jul-19,32,18,CK,6,7,45,,1,1,,,
29-Jul-19,32,19,ES,2,2,59,,1,1,,,
29-Jul-19,32,20,ES,2,3,1,,1,1,,,
29-Jul-19,32,21,CK,6,6,15,,1,1,,,
29-Jul-19,32,22,ES,6,6,19,,1,1,,,
29-Jul-19,32,23,CK,6,6,24,,1,1,,,
29-Jul-19,32,24,ES,2,2,43,,1,1,,,
29-Jul-19,32,25,CK,8,8,45,,1,1,,,
29-Jul-19,32,26,ES,2,2,28,,1,1,,,
29-Jul-19,32,27,ES,4,4,31,one eye,1,1,,,
29-Jul-19,32,28,CK,2,3,13,,1,1,,,
29-Jul-19,32,29,CK,2,2,53,,1,1,,,
29-Jul-19,32,30,CK,4,5,47,,1,1,,,
30-Jul-19,33,1,CK,2,3,21,,1,1,,,
30-Jul-19,33,2,ES,2,2,31,,1,1,,,
30-Jul-19,33,3,CK,4,5,26,,1,1,,,
30-Jul-19,33,4,ES,8,8,17,,1,1,,,
30-Jul-19,33,5,CK,10,11,1,,1,1,,,
30-Jul-19,33,6,CK,8,8,50,,1,1,,,
30-Jul-19,33,7,CK,8,8,18,,1,1,,,
30-Jul-19,33,8,CK,2,2,45,,1,1,,,
30-Jul-19,33,9,CK,10,10,5,,1,1,,,
30-Jul-19,33,10,CK,12,12,0,,1,1,,,
30-Jul-19,33,11,CK,6,7,48,,1,1,,,
30-Jul-19,33,12,CK,6,6,20,,1,1,,,
30-Jul-19,33,13,CK,10,11,27,,1,1,,,
30-Jul-19,33,14,ES,8,8,58,,1,1,,,
30-Jul-19,33,15,CK,8,8,10,,1,1,,,
30-Jul-19,33,16,ES,8,8,14,,1,1,,,
30-Jul-19,33,17,CK,8,8,13,,1,1,,,
30-Jul-19,33,18,CK,8,8,11,,1,1,,,
30-Jul-19,33,19,CK,8,8,40,,1,1,,,
30-Jul-19,33,20,ES,2,2,13,,1,1,,,
30-Jul-19,33,21,ES,8,8,24,,1,1,,,
30-Jul-19,33,22,ES,4,5,42,,1,1,,,
30-Jul-19,33,23,CK,8,9,20,,1,1,,,
30-Jul-19,33,24,ES,4,5,54,,1,1,,,
30-Jul-19,33,25,ES,6,7,1,,1,1,,,
30-Jul-19,33,26,CK,4,4,45,,1,1,,,
30-Jul-19,33,27,ES,2,3,45,,1,1,,,
30-Jul-19,33,28,CK,10,10,0,,1,1,,,
30-Jul-19,33,29,ES,6,6,27,,1,1,,,
30-Jul-19,33,30,ES,4,4,45,,1,1,,,
1-Aug-19,34,1,ES,8,8,16,,1,1,,,
1-Aug-19,34,2,CK,6,6,9,,1,1,,,
1-Aug-19,34,3,CK,4,5,53,DOA,1,1,,,
1-Aug-19,34,4,ES,4,4,17,,1,1,,,
1-Aug-19,34,5,CK,8,8,33,,1,1,,,
1-Aug-19,34,6,ES,8,8,47,,1,1,,,
1-Aug-19,34,7,CK,4,5,44,,1,1,,,
1-Aug-19,34,8,ES,8,8,16,,1,1,,,
1-Aug-19,34,9,ES,2,2,10,DOA,1,1,,,
1-Aug-19,34,10,ES,10,10,20,,1,1,,,
1-Aug-19,34,11,ES,6,6,39,,1,1,,,
1-Aug-19,34,12,CK,8,8,5,,1,1,,,
1-Aug-19,34,13,ES,2,2,59,,1,1,,,
1-Aug-19,34,14,ES,2,3,8,DOA,1,1,,,
1-Aug-19,34,15,CK,6,6,0,DOA,1,1,,,
1-Aug-19,34,16,ES,8,8,16,,1,1,,,
1-Aug-19,34,17,ES,6,7,7,,1,1,,,
2-Aug-19,35,1,CK,4,4,53,,1,1,,,
2-Aug-19,35,2,CK,8,8,47,,1,1,,,
2-Aug-19,35,3,ES,2,2,14,,1,1,,,
2-Aug-19,35,4,ES,2,2,22,,1,1,,,
2-Aug-19,35,5,CK,6,7,26,DOA,1,1,,,
2-Aug-19,35,6,ES,6,6,30,DOA,1,1,,,
2-Aug-19,35,7,CK,6,7,43,,1,1,,,
2-Aug-19,35,8,ES,4,5,10,,1,1,,,
2-Aug-19,35,9,ES,4,4,28,DOA,1,1,,,
2-Aug-19,35,10,ES,6,6,19,,1,1,,,
2-Aug-19,35,11,ES,2,2,16,,1,1,,,
2-Aug-19,35,12,ES,6,6,16,,1,1,,,
2-Aug-19,35,13,ES,4,4,22,,1,1,,,
2-Aug-19,35,14,ES,2,2,14,DOA,1,1,,,
2-Aug-19,35,15,CK,8,9,53,,1,1,,,
7-Aug-19,36,1,ES,4,4,32,,1,1,,,
7-Aug-19,36,2,ES,2,2,18,,1,1,,,
7-Aug-19,36,3,ES,6,7,32,,1,1,,,
7-Aug-19,36,4,ES,2,2,23,,1,1,,,
7-Aug-19,36,5,ES,4,5,17,,1,1,,,
7-Aug-19,36,6,ES,8,8,34,,1,1,,,
7-Aug-19,36,7,ES,4,5,0,,1,1,,,
7-Aug-19,36,8,ES,4,5,50,,1,1,,,
7-Aug-19,36,9,ES,6,6,31,,1,1,,,
7-Aug-19,36,10,ES,4,4,42,,1,1,,,
7-Aug-19,36,11,ES,8,8,53,,1,1,,,
7-Aug-19,36,12,ES,8,8,13,,1,1,,,
7-Aug-19,36,13,ES,6,6,50,,1,1,,,
7-Aug-19,36,14,ES,6,7,32,,1,1,,,
7-Aug-19,36,15,ES,6,7,5,,1,1,,,
14-Aug-19,37,1,CK,6,7,32,,1,1,,,
14-Aug-19,37,2,ES,4,4,38,,1,1,,,
14-Aug-19,37,3,ES,6,7,49,,1,1,,,
14-Aug-19,37,4,CK,6,7,10,,1,1,,,
14-Aug-19,37,5,CK,2,2,31,,1,1,,,
14-Aug-19,37,6,CK,6,7,14,,1,1,,,
14-Aug-19,37,7,CK,4,5,56,,1,1,,,
14-Aug-19,37,8,CK,6,6,49,,1,1,,,
14-Aug-19,37,9,CK,6,7,34,,1,1,,,
14-Aug-19,37,10,CK,2,3,48,,1,1,,,
14-Aug-19,37,11,CK,6,6,45,,1,1,,,
14-Aug-19,37,12,ES,8,8,32,,1,1,,,
14-Aug-19,37,13,CK,4,5,58,,1,1,,,
14-Aug-19,37,14,CK,6,7,55,,1,1,,,
14-Aug-19,37,15,ES,8,9,15,,1,1,,,
14-Aug-19,37,16,CK,8,9,33,,1,1,,,
14-Aug-19,37,17,ES,4,4,47,,1,1,,,
14-Aug-19,37,18,ES,4,4,15,,1,1,,,
14-Aug-19,37,19,CK,6,7,16,,1,1,,,
14-Aug-19,37,20,ES,6,7,3,,1,1,,,
15-Aug-19,38,1,CK,4,4,44,,1,1,,,
15-Aug-19,38,2,ES,2,2,23,,1,1,,,
15-Aug-19,38,3,ES,8,8,16,,1,1,,,
15-Aug-19,38,4,CK,6,6,56,,1,1,,,
15-Aug-19,38,5,ES,6,6,57,,1,1,,,
15-Aug-19,38,6,CK,6,7,3,,1,1,,,
15-Aug-19,38,7,CK,4,4,25,,1,1,,,
15-Aug-19,38,8,ES,6,6,31,,1,1,,,
15-Aug-19,38,9,ES,6,6,27,,1,1,,,
15-Aug-19,38,10,ES,6,6,37,,1,1,,,
15-Aug-19,38,11,ES,6,6,8,,1,1,,,
15-Aug-19,38,12,ES,2,2,19,,1,1,,,
15-Aug-19,38,13,ES,4,5,58,,1,1,,,
15-Aug-19,38,14,ES,10,10,25,,1,1,,,
15-Aug-19,38,15,ES,2,2,18,,1,1,,,
15-Aug-19,38,16,CK,4,4,25,,1,1,,,
15-Aug-19,38,17,ES,6,7,29,,1,1,,,
15-Aug-19,38,18,CK,6,7,5,,1,1,,,
15-Aug-19,38,19,ES,4,5,9,,1,1,,,
15-Aug-19,38,20,CK,2,3,15,,1,1,,,
15-Aug-19,38,21,CK,2,2,42,,1,1,,,
15-Aug-19,38,22,CK,8,8,16,,1,1,,,
15-Aug-19,38,23,CK,2,3,43,,1,1,,,
15-Aug-19,38,24,CK,6,7,3,DOA,1,1,,,
15-Aug-19,38,25,ES,6,7,12,,1,1,,,
15-Aug-19,38,26,CK,2,3,25,lost and found,1,1,,,
15-Aug-19,38,27,CK,4,5,54,,1,1,,,
15-Aug-19,38,28,CK,8,8,53,,1,1,,,
15-Aug-19,38,29,CK,6,6,55,,1,1,,,
15-Aug-19,38,30,CK,10,10,42,,1,1,,,
16-Aug-19,39,1,ES,4,5,8,DOA,1,1,,,
16-Aug-19,39,2,ES,6,7,0,,1,1,,,
16-Aug-19,39,3,ES,4,4,2,,1,1,,,
16-Aug-19,39,4,ES,10,10,56,,1,1,,,
16-Aug-19,39,5,ES,6,8,0,,1,1,,,
16-Aug-19,39,6,ES,6,6,15,,1,1,,,
16-Aug-19,39,7,ES,6,7,45,,1,1,,,
16-Aug-19,39,8,ES,6,6,24,,1,1,,,
16-Aug-19,39,9,ES,6,7,5,,1,1,,,
16-Aug-19,39,10,ES,6,6,26,,1,1,,,
16-Aug-19,39,11,ES,6,7,6,,1,1,,,
16-Aug-19,39,12,ES,2,2,34,,1,1,,,
16-Aug-19,39,13,ES,2,2,16,,1,1,,,
16-Aug-19,39,14,ES,8,8,41,,1,1,,,
16-Aug-19,39,15,ES,8,8,46,,1,1,,,
16-Aug-19,40,1,CK,6,7,43,,1,1,,,
16-Aug-19,40,2,CK,8,8,39,,1,1,,,
16-Aug-19,40,3,CK,8,8,20,,1,1,,,
16-Aug-19,40,4,CK,6,7,36,,1,1,,,
16-Aug-19,40,5,CK,6,7,47,,1,1,,,
16-Aug-19,40,6,CK,2,2,22,,1,1,,,
16-Aug-19,40,7,CK,6,7,17,,1,1,,,
16-Aug-19,40,8,CK,2,2,15,DOA,1,1,,,
16-Aug-19,40,9,CK,4,4,56,,1,1,,,
16-Aug-19,40,10,CK,10,10,20,,1,1,,,
16-Aug-19,40,11,CK,8,8,46,,1,1,,,
16-Aug-19,40,12,CK,6,7,50,,1,1,,,
16-Aug-19,40,13,CK,6,7,16,,1,1,,,
16-Aug-19,40,14,CK,6,6,30,,1,1,,,
16-Aug-19,40,15,CK,8,9,26,,1,1,,,
18-Aug-19,41,1,CK,4,4,10,,1,1,,,
18-Aug-19,41,2,CK,2,2,14,,1,1,,,
18-Aug-19,41,3,ES,2,3,26,,1,1,,,
18-Aug-19,41,4,CK,2,3,20,,1,1,,,
18-Aug-19,41,5,CK,2,2,10,,1,1,,,
18-Aug-19,41,6,ES,6,6,29,,1,1,,,
18-Aug-19,41,7,CK,4,2,47,,1,1,,,
18-Aug-19,41,8,ES,10,10,2,,1,1,,,
18-Aug-19,41,9,ES,2,2,31,,1,1,,,
18-Aug-19,41,10,ES,8,9,9,,1,1,,,
18-Aug-19,41,11,ES,2,3,47,,1,1,,,
18-Aug-19,41,12,CK,6,6,40,,1,1,,,
18-Aug-19,41,13,ES,4,4,18,,1,1,,,
18-Aug-19,41,14,ES,2,2,53,,1,1,,,
18-Aug-19,41,15,CK,6,7,4,,1,1,,,
18-Aug-19,41,16,ES,8,8,12,,1,1,,,
18-Aug-19,41,17,ES,4,4,29,,1,1,,,
18-Aug-19,41,18,CK,4,4,39,,1,1,,,
18-Aug-19,41,19,ES,2,3,34,,1,1,,,
18-Aug-19,41,20,CK,6,6,20,DOA,1,1,,,
18-Aug-19,41,21,ES,6,6,15,,1,1,,,
18-Aug-19,41,22,CK,6,6,24,,1,1,,,
18-Aug-19,41,23,ES,4,5,23,,1,1,,,
18-Aug-19,41,24,ES,6,6,43,DOA,1,1,,,
18-Aug-19,41,25,ES,4,4,14,,1,1,,,
18-Aug-19,41,26,ES,4,5,47,DOA,1,1,,,
18-Aug-19,41,27,ES,8,8,30,,1,1,,,
18-Aug-19,41,28,CK,8,9,18,,1,1,,,
18-Aug-19,41,29,ES,6,6,23,,1,1,,,
18-Aug-19,41,30,CK,8,8,3,,1,1,,,
19-Aug-19,42,1,CK,2,2,14,,1,1,,,
19-Aug-19,42,2,ES,4,5,33,,1,1,,,
19-Aug-19,42,3,CK,8,9,44,,1,1,,,
19-Aug-19,42,4,ES,6,6,24,,1,1,,,
19-Aug-19,42,5,CK,6,6,35,,1,1,,,
19-Aug-19,42,6,ES,2,2,37,,1,1,,,
19-Aug-19,42,7,CK,4,4,34,,1,1,,,
19-Aug-19,42,8,CK,6,7,48,,1,1,,,
19-Aug-19,42,9,CK,6,6,19,,1,1,,,
19-Aug-19,42,10,CK,6,6,56,,1,1,,,
19-Aug-19,42,11,CK,8,9,27,,1,1,,,
19-Aug-19,42,12,ES,4,4,37,,1,1,,,
19-Aug-19,42,13,CK,4,5,1,,1,1,,,
19-Aug-19,42,14,ES,2,3,48,,1,1,,,
19-Aug-19,42,15,CK,8,8,36,,1,1,,,
19-Aug-19,42,16,ES,2,3,13,,1,1,,,
19-Aug-19,42,17,CK,4,5,11,,1,1,,,
19-Aug-19,42,18,CK,8,8,11,,1,1,,,
19-Aug-19,42,19,CK,4,5,6,,1,1,,,
19-Aug-19,42,20,CK,2,3,29,,1,1,,,
19-Aug-19,42,21,ES,6,7,49,,1,1,,,
19-Aug-19,42,22,CK,2,2,7,DOA,1,1,,,
19-Aug-19,42,23,CK,2,3,21,,1,1,,,
19-Aug-19,42,24,CK,4,5,55,,1,1,,,
19-Aug-19,42,25,CK,4,4,30,DOA,1,1,,,
19-Aug-19,42,26,CK,4,4,42,DOA,1,1,,,
19-Aug-19,42,27,ES,2,3,28,,1,1,,,
19-Aug-19,42,28,ES,2,3,22,,1,1,,,
19-Aug-19,42,29,ES,4,5,25,,1,1,,,
19-Aug-19,42,30,ES,8,8,17,,1,1,,,
21-Aug-19,43,1,ES,6,7,22,,1,1,,,
21-Aug-19,43,2,CK,6,7,22,,1,1,,,
21-Aug-19,43,3,ES,6,6,15,,1,1,,,
21-Aug-19,43,4,ES,8,8,23,,1,1,,,
21-Aug-19,43,5,CK,8,8,22,,1,1,,,
21-Aug-19,43,6,CK,6,7,1,,0,0,,,
21-Aug-19,43,7,CK,2,2,47,DOA,1,1,,,
21-Aug-19,43,8,CK,6,6,14,,1,1,,,
21-Aug-19,43,9,CK,6,6,18,DOA,1,1,,,
21-Aug-19,43,10,CK,4,5,41,,1,1,,,
21-Aug-19,43,11,ES,4,4,42,DOA,1,1,,,
21-Aug-19,43,12,ES,8,8,16,,1,1,,,
21-Aug-19,43,13,ES,6,7,42,,1,1,,,
21-Aug-19,43,14,ES,4,4,41,DOA,1,1,,,
21-Aug-19,43,15,ES,8,8,22,,1,1,,,
11-Sep-19,44,1,CK,4,4,20,,1,1,,,
11-Sep-19,44,2,CK,6,6,25,,1,1,,,
11-Sep-19,44,3,CK,8,8,16,,1,1,,,
11-Sep-19,44,4,CK,6,7,4,,1,1,,,
11-Sep-19,44,5,CK,6,6,20,,1,1,,,
11-Sep-19,44,6,CK,8,8,13,,1,1,,,
11-Sep-19,44,7,CK,8,9,10,,1,1,,,
11-Sep-19,44,8,CK,2,3,35,,1,1,,,
11-Sep-19,44,9,CK,6,7,26,,1,1,,,
11-Sep-19,44,10,CK,4,5,12,,1,1,,,
11-Sep-19,44,11,CK,6,6,22,,1,1,,,
11-Sep-19,44,12,CK,8,8,36,eye outside body,1,1,,,
11-Sep-19,44,13,CK,4,4,17,,1,1,,,
11-Sep-19,44,14,CK,8,9,56,,1,1,,,
11-Sep-19,44,15,CK,6,6,44,,1,1,,,
14-Sep-19,45,1,ES,4,5,56,,,,,,
14-Sep-19,45,2,ES,6,6,43,,,,,,
14-Sep-19,45,3,ES,8,8,38,,,,,,
14-Sep-19,45,4,ES,6,6,43,,,,,,
14-Sep-19,45,5,ES,6,6,50,,,,,,
14-Sep-19,45,6,ES,2,2,36,,,,,,
14-Sep-19,45,7,ES,4,5,23,,,,,,
14-Sep-19,45,8,ES,4,4,3,,,,,,
14-Sep-19,45,9,ES,8,8,33,,,,,,
14-Sep-19,45,10,ES,4,5,4,,,,,,
14-Sep-19,45,11,ES,2,3,58,,,,,,
14-Sep-19,45,12,ES,6,6,14,,,,,,
14-Sep-19,45,13,ES,4,4,31,,,,,,
14-Sep-19,45,14,ES,4,4,13,,,,,,
14-Sep-19,45,15,ES,4,4,45,,,,,,
14-Sep-19,45,16,ES,4,5,6,,,,,,
14-Sep-19,45,17,ES,2,3,32,,,,,,
14-Sep-19,45,18,ES,2,2,52,,,,,,
16-Sep-19,46,1,CK,4,5,25,,,,,,
16-Sep-19,46,2,CK,4,5,24,,,,,,
16-Sep-19,46,3,CK,6,6,38,,,,,,
16-Sep-19,46,4,ES,2,3,14,,,,,,
16-Sep-19,46,5,CK,4,4,16,,,,,,
16-Sep-19,46,6,CK,2,2,19,,,,,,
16-Sep-19,46,7,ES,6,6,17,,,,,,
16-Sep-19,46,8,CK,8,8,15,,,,,,
16-Sep-19,46,9,CK,4,5,32,,,,,,
16-Sep-19,46,10,ES,4,5,55,,,,,,
16-Sep-19,46,11,ES,6,6,13,,,,,,
16-Sep-19,46,12,CK,8,8,19,,,,,,
16-Sep-19,46,13,ES,2,3,6,,,,,,
16-Sep-19,46,14,ES,4,4,45,,,,,,
16-Sep-19,46,15,ES,4,4,22,,,,,,
16-Sep-19,46,16,ES,4,4,15,,,,,,
16-Sep-19,46,17,ES,6,6,32,,,,,,
16-Sep-19,46,18,ES,4,5,2,,,,,,
16-Sep-19,46,19,CK,2,3,59,,,,,,
16-Sep-19,46,20,CK,2,2,16,,,,,,
16-Sep-19,46,21,ES,4,4,35,,,,,,
16-Sep-19,46,22,CK,6,6,57,,,,,,
16-Sep-19,46,23,ES,6,7,48,,,,,,
16-Sep-19,46,24,ES,6,6,14,,,,,,
16-Sep-19,46,25,CK,6,6,49,,,,,,
16-Sep-19,46,26,CK,6,6,32,,,,,,
16-Sep-19,46,27,CK,8,9,33,,,,,,
16-Sep-19,46,28,CK,6,6,30,,,,,,
16-Sep-19,46,29,CK,6,7,3,,,,,,
16-Sep-19,46,30,CK,2,3,8,,,,,,
17-Sep-19,47,1,CK,4,5,23,,,,,,
17-Sep-19,47,2,CK,6,6,25,,,,,,
17-Sep-19,47,3,CK,2,3,31,,,,,,
17-Sep-19,47,4,CK,6,6,10,,,,,,
17-Sep-19,47,5,CK,4,4,9,,,,,,
17-Sep-19,47,6,CK,8,9,6,,,,,,
17-Sep-19,47,7,CK,6,7,23,,,,,,
17-Sep-19,47,8,CK,2,3,2,,,,,,
17-Sep-19,47,9,CK,8,9,26,,,,,,
17-Sep-19,47,10,CK,6,7,48,,,,,,
17-Sep-19,47,11,CK,2,3,46,,,,,,
17-Sep-19,47,12,CK,6,6,14,,,,,,
17-Sep-19,47,13,CK,4,4,44,,,,,,
17-Sep-19,47,14,CK,6,6,39,,,,,,
17-Sep-19,47,15,CK,2,2,45,,,,,,
26-Sep-19,48,1,CK,2,2,40,,1,1,,,
26-Sep-19,48,2,ES,2,2,24,,1,1,,,
26-Sep-19,48,3,CK,4,4,40,,1,1,,,
26-Sep-19,48,4,ES,4,4,37,,1,1,,,
26-Sep-19,48,5,CK,4,4,44,,1,1,,,
26-Sep-19,48,6,ES,6,6,43,,1,1,,,
26-Sep-19,48,7,CK,6,6,46,DOA,1,1,,,
26-Sep-19,48,8,CK,6,6,27,,1,1,,,
26-Sep-19,48,9,CK,8,9,35,,1,1,,,
26-Sep-19,48,10,CK,6,7,42,,1,1,,,
26-Sep-19,48,11,ES,2,3,58,DOA,1,1,,,
26-Sep-19,48,12,ES,6,6,42,DOA,1,1,,,
26-Sep-19,48,13,ES,6,6,15,,1,1,,,
26-Sep-19,48,14,ES,6,7,55,,1,1,,,
26-Sep-19,48,15,ES,2,2,21,,1,1,,,
3-Oct-19,49,1,ES,6,7,13,,0,1,,,
3-Oct-19,49,2,ES,4,5,30,,1,1,,,
3-Oct-19,49,3,ES,6,6,14,,1,1,,,
3-Oct-19,49,4,ES,6,6,37,,1,1,,,
3-Oct-19,49,5,ES,6,7,40,,1,1,,,
3-Oct-19,49,6,ES,4,5,37,,0,1,,,
3-Oct-19,49,7,ES,4,5,30,,0,1,,,
10-Oct-19,50,1,ES,6,6,15,,1,1,,,
10-Oct-19,50,2,ES,6,6,34,,1,1,,,
10-Oct-19,50,3,ES,6,6,49,,1,1,,,
10-Oct-19,50,4,ES,2,2,23,,1,1,,,
10-Oct-19,50,5,ES,8,8,15,,1,1,,,
10-Oct-19,50,6,ES,4,4,19,,1,1,,,
10-Oct-19,50,7,ES,4,4,5,,1,1,,,
10-Oct-19,50,8,ES,6,7,7,,1,1,,,
10-Oct-19,50,9,ES,4,4,49,,1,1,,,
10-Oct-19,50,10,ES,4,5,25,,1,1,,,
10-Oct-19,50,11,ES,6,6,32,,1,1,,,
10-Oct-19,50,12,ES,8,9,23,,1,1,,,
10-Oct-19,50,13,ES,2,2,34,,1,1,,,
10-Oct-19,50,14,ES,10,10,11,,1,1,,,
10-Oct-19,50,15,ES,10,10,36,,1,1,,,
11-Oct-19,51,1,ES,4,5,15,,1,1,,,
11-Oct-19,51,2,ES,4,4,30,,1,1,,,
11-Oct-19,51,3,ES,4,5,7,,1,1,,,
11-Oct-19,51,4,ES,4,4,32,,1,1,,,
11-Oct-19,51,5,ES,6,6,9,,1,1,,,
11-Oct-19,51,6,ES,6,7,43,,1,1,,,
11-Oct-19,51,7,ES,4,4,29,,1,1,,,
11-Oct-19,51,8,ES,8,8,42,,1,1,,,
11-Oct-19,51,9,ES,6,7,25,,1,1,,,
11-Oct-19,51,10,ES,6,6,36,,1,1,,,
11-Oct-19,51,11,ES,8,8,7,,1,1,,,
11-Oct-19,51,12,ES,4,4,50,,1,1,,,
11-Oct-19,51,13,ES,2,3,46,,1,1,,,
22-Oct-19,52,1,ES,,5,4,,1,1,,,
22-Oct-19,52,2,ES,,4,44,,1,1,,,
22-Oct-19,52,3,ES,,2,26,,1,1,,,
22-Oct-19,52,4,ES,,4,0,,1,1,,,
22-Oct-19,52,5,ES,,2,22,,1,1,,,
22-Oct-19,52,6,ES,,7,24,,0,1,,,
22-Oct-19,52,7,ES,,2,19,,0,1,,,
22-Oct-19,52,8,ES/AB,,2,33,,0,1,,,
22-Oct-19,52,9,ES/AB,,2,58,,0,1,,,
22-Oct-19,52,10,ES/AB,,2,54,,0,1,,,
22-Oct-19,52,11,ES/AB,,7,47,,0,1,,,
22-Oct-19,52,12,ES,,5,18,,0,1,,,
22-Oct-19,52,13,ES,,4,49,,0,1,,,
22-Oct-19,52,14,ES,,4,51,,1,1,,,
22-Oct-19,52,15,ES,,6,24,,1,1,,,
22-Oct-19,52,16,ES,,6,37,,1,1,,,
22-Oct-19,52,17,ES,,2,10,,1,1,,,
22-Oct-19,52,18,ES,,6,11,,1,1,,,
22-Oct-19,52,19,ES,,9,27,,1,1,,,
22-Oct-19,52,20,ES,,6,15,,1,1,,,
29-Oct-19,53,1,ES,,3,50,,1,1,,,
29-Oct-19,53,2,ES,,4,5,,1,1,,,
29-Oct-19,53,3,ES,,4,17,,1,1,,,
29-Oct-19,53,4,ES,,5,7,,1,1,,,
29-Oct-19,53,5,ES,,6,53,,1,1,,,
29-Oct-19,53,6,ES,,6,32,,1,1,,,
29-Oct-19,53,7,ES,,8,52,,1,1,,,
29-Oct-19,53,8,ES,,6,20,,1,1,,,
29-Oct-19,53,9,ES,,4,4,,1,1,,,
29-Oct-19,53,10,ES,,6,54,,1,1,,,
29-Oct-19,53,11,ES,,6,0,,1,1,,,
29-Oct-19,53,12,ES,,7,42,,1,1,,,
29-Oct-19,53,13,ES,,5,1,,1,1,,,
29-Oct-19,53,14,ES,,5,25,,1,1,,,
29-Oct-19,53,15,ES,,6,9,,1,1,,,
29-Oct-19,53,16,ES,,7,3,,1,1,,,
29-Oct-19,53,17,ES,,6,36,,1,1,,,
29-Oct-19,53,18,ES,,5,51,,1,1,,,
29-Oct-19,53,19,ES,,2,11,,1,1,,,
1-Nov-19,54,1,ES,,6,20,,1,1,,,
1-Nov-19,54,2,ES,,2,52,,1,1,,,
1-Nov-19,54,3,ES,,4,16,,1,1,,,
1-Nov-19,54,4,ES,,8,23,,1,1,,,
1-Nov-19,54,5,ES,,4,12,,1,1,,,
1-Nov-19,54,6,ES,,6,0,,1,1,,,
1-Nov-19,54,7,ES,,8,12,,1,1,,,
1-Nov-19,54,8,ES,,7,6,,1,1,,,
1-Nov-19,54,9,ES,,8,30,,1,1,,,
1-Nov-19,54,10,ES,,6,59,,1,1,,,
1-Nov-19,54,11,ES,,5,20,,1,1,,,
1-Nov-19,54,12,ES,,7,7,,1,1,,,
1-Nov-19,54,13,ES,,5,59,,1,1,,,
1-Nov-19,54,14,ES,,2,30,,1,1,,,
1-Nov-19,54,15,ES,,7,5,,1,1,,,
5-Nov-19,55,1,ES,,6,15,,1,1,,,
5-Nov-19,55,2,ES,,5,12,,1,1,,,
5-Nov-19,55,3,ES,,4,35,,1,1,,,
5-Nov-19,55,4,ES,,2,37,,1,1,,,
5-Nov-19,55,5,ES,,3,2,,1,1,,,
5-Nov-19,55,6,ES,,8,0,,1,1,,,
5-Nov-19,55,7,ES,,6,33,,1,1,,,
5-Nov-19,55,8,ES,,8,11,,1,1,,,
5-Nov-19,55,9,ES,,6,38,,1,1,,,
5-Nov-19,55,10,ES,,8,39,,1,1,,,
5-Nov-19,55,11,ES,,2,2,,1,1,,,
5-Nov-19,55,12,ES,,4,29,,1,1,,,
5-Nov-19,55,13,ES,,5,30,,1,1,,,
5-Nov-19,55,14,ES,,4,4,,1,1,,,
5-Nov-19,55,15,ES,,3,3,,1,1,,,
11-Nov-19,56,1,ES,,2,29,,1,1,,,
11-Nov-19,56,2,ES,,5,44,,1,1,,,
11-Nov-19,56,3,ES,,5,48,,1,1,,,
11-Nov-19,56,4,ES,,8,12,,1,1,,,
11-Nov-19,56,5,ES,,5,23,,1,1,,,
11-Nov-19,56,6,ES,,5,58,,1,1,,,
11-Nov-19,56,7,ES,,5,4,,1,1,,,
11-Nov-19,56,8,ES,,9,24,,1,1,,,
11-Nov-19,56,9,ES,,4,12,,1,1,,,
11-Nov-19,56,10,ES,,4,47,,1,1,,,
11-Nov-19,56,11,ES,,6,54,,1,1,,,
11-Nov-19,56,12,ES,,5,37,,1,1,,,
11-Nov-19,56,13,ES,,4,57,,1,1,,,
11-Nov-19,56,14,ES,,6,40,,1,1,,,
11-Nov-19,56,15,ES,,5,13,,1,1,,,
11-Nov-19,56,16,ES,,7,0,,1,1,,,
11-Nov-19,56,17,ES,,6,44,,1,1,,,
11-Nov-19,56,18,ES,,6,17,,1,1,,,
11-Nov-19,56,19,ES,,8,6,,1,1,,,
11-Nov-19,56,20,ES,,5,46,,1,1,,,
11-Nov-19,56,21,ES,,4,58,,1,1,,,
11-Nov-19,56,22,ES,,7,8,,1,1,,,
11-Nov-19,56,23,ES,,3,45,,1,1,,,
11-Nov-19,56,24,ES,,5,50,,1,1,,,
11-Nov-19,56,25,ES,,7,20,,1,1,,,
11-Nov-19,56,26,ES,,6,18,,1,1,,,
11-Nov-19,56,27,ES,,7,19,,1,1,,,
11-Nov-19,56,28,ES,,2,6,,1,1,,,
11-Nov-19,56,29,ES,,6,47,,1,1,,,
11-Nov-19,56,30,ES,,6,40,,1,1,,,
18-Nov-19,57,1,ES,,8,2,,1,1,,,
18-Nov-19,57,2,ES,,8,7,,1,1,,,
18-Nov-19,57,3,ES,,8,59,,1,1,,,
18-Nov-19,57,4,ES,,5,12,,1,1,,,
18-Nov-19,57,5,ES,,6,8,,1,1,,,
18-Nov-19,57,6,ES,,8,10,,1,1,,,
18-Nov-19,57,7,ES,,6,9,,1,1,,,
18-Nov-19,57,8,ES,,5,17,,1,1,,,
18-Nov-19,57,9,ES,,7,56,,1,1,,,
18-Nov-19,57,10,ES,,6,11,,1,1,,,
18-Nov-19,57,11,ES,,2,8,,1,1,,,
18-Nov-19,57,12,ES,,6,23,,1,1,,,
18-Nov-19,57,13,ES,,8,47,,1,1,,,
18-Nov-19,57,14,ES,,7,38,,1,1,,,
18-Nov-19,57,15,ES,,8,14,,1,1,,,
18-Nov-19,57,16,ES,,5,47,,1,1,,,
18-Nov-19,57,17,ES,,4,13,,1,1,,,
18-Nov-19,57,18,ES,,11,14,,1,1,,,
18-Nov-19,57,19,ES,,6,39,,1,1,,,
18-Nov-19,57,20,ES,,6,10,,1,1,,,
18-Nov-19,57,21,ES,,7,26,,1,1,,,
18-Nov-19,57,22,ES,,7,31,,1,1,,,
18-Nov-19,57,23,ES,,8,12,,1,1,,,
18-Nov-19,57,24,ES,,8,7,,1,1,,,
18-Nov-19,57,25,ES,,4,57,,1,1,,,
18-Nov-19,57,26,ES,,5,20,,1,1,,,
18-Nov-19,57,27,ES,,7,58,,1,1,,,
18-Nov-19,57,28,ES,,6,10,,1,1,,,
18-Nov-19,57,29,ES,,8,4,,1,1,,,
18-Nov-19,57,30,ES,,8,41,,1,1,,,
21-Nov-19,58,1,ES,,6,56,,1,1,,,
21-Nov-19,58,2,ES,,7,37,,1,1,,,
21-Nov-19,58,3,ES,,6,36,,1,1,,,
21-Nov-19,58,4,ES,,6,15,,1,1,,,
21-Nov-19,58,5,ES,,9,33,,1,1,,,
21-Nov-19,58,6,ES,,4,21,,1,1,,,
21-Nov-19,58,7,ES,,4,30,,1,1,,,
21-Nov-19,58,8,ES,,4,19,,1,1,,,
21-Nov-19,58,9,ES,,7,18,,1,1,,,
21-Nov-19,58,10,ES,,6,39,,1,1,,,
21-Nov-19,58,11,ES,,7,25,,1,1,,,
21-Nov-19,58,12,ES,,8,12,,1,1,,,
21-Nov-19,58,13,ES,,6,9,,1,1,,,
21-Nov-19,58,14,ES,,6,49,,1,1,,,
21-Nov-19,58,15,ES,,6,28,,1,1,,,
6-Dec-19,59,1,ES,,2,57,,1,1,,,
6-Dec-19,59,2,ES,,5,28,,1,1,,,
6-Dec-19,59,3,ES,,7,40,,1,1,,,
6-Dec-19,59,4,ES,,5,37,,1,1,,,
6-Dec-19,59,5,ES,,7,43,,1,1,,,
6-Dec-19,59,6,ES,,8,7,,1,1,,,
6-Dec-19,59,7,ES,,6,16,,1,1,,,
6-Dec-19,59,8,ES,,7,25,,1,1,,,
6-Dec-19,59,9,ES,,4,15,,1,1,,,
6-Dec-19,59,10,ES,,4,47,,1,1,,,
6-Dec-19,59,11,ES,,4,2,,1,1,,,
6-Dec-19,59,12,ES,,8,2,,1,1,,,
6-Dec-19,59,13,ES,,8,49,,1,1,,,
6-Dec-19,59,14,ES,,8,12,,1,1,,,
6-Dec-19,59,15,ES,,4,32,,1,1,,,
6-Dec-19,59,16,ES,,7,3,,0,1,,,
6-Dec-19,59,17,ES,,7,40,,0,1,,,
6-Dec-19,59,18,ES,,4,50,,1,1,,,
6-Dec-19,59,19,ES,,6,11,,1,1,,,
6-Dec-19,59,20,ES,,9,16,,1,1,,,
6-Dec-19,59,21,ES,,9,3,,1,1,,,
6-Dec-19,59,22,ES,,10,20,,1,1,,,
6-Dec-19,59,23,ES,,8,1,,1,1,,,
6-Dec-19,59,24,ES,,6,49,,1,1,,,
6-Dec-19,59,25,ES,,7,31,,1,1,,,
6-Dec-19,59,26,ES,,7,15,,1,1,,,
6-Dec-19,59,27,ES,,7,9,,1,1,,,
6-Dec-19,59,28,ES,,6,20,,1,1,,,
6-Dec-19,59,29,ES,,8,32,,1,1,,,
7-Dec-19,60,1,ES,,4,6,,1,1,,,
7-Dec-19,60,2,ES,,5,27,,1,1,,,
7-Dec-19,60,3,ES,,5,29,,1,1,,,
7-Dec-19,60,4,ES,,2,51,,1,1,,,
7-Dec-19,60,5,ES,,5,8,,1,1,,,
7-Dec-19,60,6,ES,,5,4,,1,1,,,
7-Dec-19,60,7,ES,,3,42,,1,1,,,
7-Dec-19,60,8,ES,,5,42,,1,1,,,
7-Dec-19,60,9,ES,,3,54,DOA,1,1,,,
7-Dec-19,60,10,ES,,4,51,,1,1,,,
7-Dec-19,60,11,ES,,3,31,,1,1,,,
7-Dec-19,60,12,ES,,5,38,,1,1,,,
7-Dec-19,60,13,ES,,4,27,,1,1,,,
7-Dec-19,60,14,ES,,3,43,,1,1,,,
7-Dec-19,60,15,ES,,4,55,,1,1,,,
7-Dec-19,60,16,ES,,2,59,,1,1,,,
7-Dec-19,60,17,ES,,2,26,,1,1,,,
7-Dec-19,60,18,ES,,3,22,,1,1,,,
7-Dec-19,60,19,ES,,5,22,,1,1,,,
7-Dec-19,60,20,ES,,6,40,,1,1,,,
7-Dec-19,60,21,ES,,3,49,,1,1,,,
7-Dec-19,60,22,ES,,6,2,,1,1,,,
7-Dec-19,60,23,ES,,4,58,,1,1,,,
7-Dec-19,60,24,ES,,7,40,,1,1,,,
7-Dec-19,60,25,ES,,6,36,,1,1,,,
7-Dec-19,60,26,ES,,6,39,,1,1,,,
7-Dec-19,60,27,ES,,6,26,,1,1,,,
7-Dec-19,60,28,ES,,5,12,,1,1,,,
7-Dec-19,60,29,ES,,2,14,,1,1,,,
7-Dec-19,60,30,ES,,2,36,,1,1,,,
9-Dec-19,61,1,ES,,2,55,,1,1,,,
9-Dec-19,61,2,ES,,8,45,,1,1,,,
9-Dec-19,61,3,ES,,6,44,,1,1,,,
9-Dec-19,61,4,ES,,3,46,,1,1,,,
9-Dec-19,61,5,ES,,9,13,,1,1,,,
9-Dec-19,61,6,ES,,6,12,,1,1,,,
9-Dec-19,61,7,ES,,6,49,,1,1,,,
9-Dec-19,61,8,ES,,9,7,,1,1,,,
9-Dec-19,61,9,ES,,7,29,,1,1,,,
9-Dec-19,61,10,ES,,7,55,,1,1,,,
9-Dec-19,61,11,ES,,4,11,,1,1,,,
9-Dec-19,61,12,ES,,6,2,,1,1,,,
9-Dec-19,61,13,ES,,6,32,,1,1,,,
9-Dec-19,61,14,ES,,8,11,,1,1,,,
9-Dec-19,61,15,ES,,6,40,,1,1,,,
11-Dec-19,62,1,ES,,2,40,,1,1,,,
11-Dec-19,62,2,ES,,5,30,,1,1,,,
11-Dec-19,62,3,ES,,2,55,,1,1,,,
11-Dec-19,62,4,ES,,7,46,,1,1,,,
11-Dec-19,62,5,ES,,5,47,,1,1,,,
11-Dec-19,62,6,ES,,4,27,,1,1,,,
11-Dec-19,62,7,ES,,2,17,,1,1,,,
11-Dec-19,62,8,ES,,5,18,,1,1,,,
11-Dec-19,62,9,ES,,5,2,,1,1,,,
11-Dec-19,62,10,ES,,4,38,,1,1,,,
11-Dec-19,62,11,ES,,6,37,,1,1,,,
11-Dec-19,62,12,ES,,4,8,,1,1,,,
11-Dec-19,62,13,ES,,4,24,,1,1,,,
11-Dec-19,62,14,ES,,4,23,,1,1,,,
11-Dec-19,62,15,ES,,3,17,,1,1,,,
11-Dec-19,62,16,ES,,6,13,,1,1,,,
11-Dec-19,62,17,ES,,2,19,,1,1,,,
11-Dec-19,62,18,ES,,6,31,,1,1,,,
11-Dec-19,62,19,ES,,3,59,,1,1,,,
11-Dec-19,62,20,ES,,3,58,,1,1,,,
11-Dec-19,62,21,ES,,2,24,,1,1,,,
11-Dec-19,62,22,ES,,4,44,,1,1,,,
11-Dec-19,62,23,ES,,5,5,,1,1,,,
11-Dec-19,62,24,ES,,6,12,,1,1,,,
11-Dec-19,62,25,ES,,7,26,,1,1,,,
11-Dec-19,62,26,ES,,5,56,,1,1,,,
11-Dec-19,62,27,ES,,8,21,,1,1,,,
11-Dec-19,62,28,ES,,2,50,,1,1,,,
11-Dec-19,62,29,ES,,6,15,,1,1,,,
11-Dec-19,62,30,ES,,6,47,,1,1,,,
13-Dec-19,63,1,ES,,6,52,,1,1,,,
13-Dec-19,63,2,ES,,4,37,,1,1,,,
13-Dec-19,63,3,ES,,2,13,,1,1,,,
13-Dec-19,63,4,ES,,6,24,,1,1,,,
13-Dec-19,63,5,ES,,2,56,,1,1,,,
13-Dec-19,63,6,ES,,7,6,,1,1,,,
13-Dec-19,63,7,ES,,7,14,,1,1,,,
13-Dec-19,63,8,ES,,4,37,,1,1,,,
13-Dec-19,63,9,ES,,7,45,,1,1,,,
13-Dec-19,63,10,ES,,7,13,,1,1,,,
13-Dec-19,63,11,ES,,5,51,,1,1,,,
13-Dec-19,63,12,ES,,5,12,,1,1,,,
13-Dec-19,63,13,ES,,6,7,,1,1,,,
13-Dec-19,63,14,ES,,6,29,,1,1,,,
13-Dec-19,63,15,ES,,7,19,,1,1,,,
13-Dec-19,63,16,ES,,7,49,,1,1,,,
13-Dec-19,63,17,ES,,3,2,,1,1,,,
13-Dec-19,63,18,ES,,7,40,,1,1,,,
13-Dec-19,63,19,ES,,6,33,,1,1,,,
13-Dec-19,63,20,ES,,6,46,,1,1,,,
13-Dec-19,63,21,ES,,3,37,,1,1,,,
13-Dec-19,63,22,ES,,2,29,,1,1,,,
10-Jan-20,64,1,ES,,4,50,,1,1,,,
10-Jan-20,64,2,ES,,5,30,1 missing/underdeveloped eye,1,1,,,
10-Jan-20,64,3,ES,,8,47,1 missing/underdeveloped eye,1,1,,,
10-Jan-20,64,4,ES,,2,17,1 missing/underdeveloped eye,1,1,,,
10-Jan-20,64,5,ES,,4,18,,1,1,,,
10-Jan-20,64,6,ES,,8,25,,1,1,,,
10-Jan-20,64,7,ES,,6,33,,1,1,,,
10-Jan-20,64,8,ES,,7,38,,1,1,,,
10-Jan-20,64,9,ES,,2,15,1 missing/underdeveloped eye,1,1,,,
10-Jan-20,64,10,ES,,6,53,,1,1,,,
10-Jan-20,64,11,ES,,4,31,,1,1,,,
10-Jan-20,64,12,ES,,6,44,,1,1,,,
21-Jan-20,65,1,ES,,6,10,,1,1,,,
21-Jan-20,65,2,ES,,3,20,,1,1,,,
21-Jan-20,65,3,ES,,9,10,,1,1,,,
21-Jan-20,65,4,ES,,6,7,,1,1,,,
21-Jan-20,65,5,ES,,7,46,,1,1,,,
21-Jan-20,65,6,ES,,6,11,,1,1,,,
21-Jan-20,65,7,ES,,4,47,,1,1,,,
21-Jan-20,65,8,ES,,6,5,,1,1,,,
21-Jan-20,65,9,ES,,4,32,,1,1,,,
21-Jan-20,65,10,ES,,4,18,,1,1,,,
21-Jan-20,65,11,ES,,7,28,,1,1,,,
21-Jan-20,65,12,ES,,8,6,,1,1,,,
21-Jan-20,65,13,ES,,8,39,,1,1,,,
21-Jan-20,65,14,ES,,4,57,,1,1,,,
21-Jan-20,65,15,ES,,8,8,,1,1,,,
21-Jan-20,65,16,ES,,8,14,,1,1,,,
21-Jan-20,65,17,ES,,5,25,,1,1,,,
21-Jan-20,65,18,ES,,6,24,,1,1,,,
21-Jan-20,65,19,ES,,4,14,,1,1,,,
21-Jan-20,65,20,ES,,6,26,,1,1,,,
22-Jan-20,66,1,ES,,7,26,,1,1,,,
22-Jan-20,66,2,ES,,5,51,,1,1,,,
22-Jan-20,66,3,ES,,5,10,,1,1,,,
22-Jan-20,66,4,ES,,8,47,,1,1,,,
22-Jan-20,66,5,ES,,8,56,,1,1,,,
22-Jan-20,66,6,ES,,4,0,,1,1,,,
22-Jan-20,66,7,ES,,10,18,,1,1,,,
22-Jan-20,66,8,ES,,3,41,,1,1,,,
22-Jan-20,66,9,ES,,5,33,,1,1,,,
22-Jan-20,66,10,ES,,4,5,,1,1,,,
22-Jan-20,66,11,ES,,4,53,,1,1,,,
24-Jan-20,67,1,ES/RF/KC,,9,14,,1,1,,,
24-Jan-20,67,2,ES/RF/KC,,8,38,,1,1,,,
24-Jan-20,67,3,ES/RF/KC,,7,17,,1,1,,,
24-Jan-20,67,4,ES/RF/KC,,5,37,,1,1,,,
24-Jan-20,67,5,ES/RF/KC,,8,18,,1,1,,,
24-Jan-20,67,6,ES/RF/KC,,7,6,,1,1,,,
24-Jan-20,67,7,ES/RF/KC,,6,23,,1,1,,,
24-Jan-20,67,8,ES/RF/KC,,8,47,,1,1,,,
24-Jan-20,67,9,ES/RF/KC,,8,31,,1,1,,,
24-Jan-20,67,10,ES/RF/KC,,6,31,,1,1,,,
24-Jan-20,67,11,ES/RF/KC,,3,0,,1,1,,,
27-Jan-20,68,1,CK,,7,47,,1,1,,,
27-Jan-20,68,2,ES,,4,34,,1,1,,,
27-Jan-20,68,3,CK,,4,34,,1,1,,,
27-Jan-20,68,4,ES,,10,2,,1,1,,,
27-Jan-20,68,5,CK,,2,0,,1,1,,,
27-Jan-20,68,6,ES,,5,54,,1,1,,,
27-Jan-20,68,7,CK,,4,29,,1,1,,,
27-Jan-20,68,8,CK,,9,35,,1,1,,,
27-Jan-20,68,9,CK,,7,47,,1,1,,,
27-Jan-20,68,10,CK,,3,20,,1,1,,,
27-Jan-20,68,11,CK,,2,37,,1,1,,,
27-Jan-20,68,12,CK,,11,33,DOA,1,1,,,
27-Jan-20,68,13,ES,,6,24,,1,1,,,
27-Jan-20,68,14,CK,,2,43,,1,1,,,
27-Jan-20,68,15,CK,,5,45,,1,1,,,
27-Jan-20,68,16,ES,,6,25,,1,1,,,
27-Jan-20,68,17,ES,,6,36,,1,1,,,
27-Jan-20,68,18,ES,,4,48,,1,1,,,
27-Jan-20,68,19,ES,,6,45,,1,1,,,
27-Jan-20,68,20,ES,,5,55,,1,1,,,
27-Jan-20,68,21,ES,,3,6,,1,1,,,
27-Jan-20,68,22,ES,,8,12,,1,1,,,
27-Jan-20,68,23,ES,,7,59,,1,1,,,
27-Jan-20,68,24,CK,,6,36,,1,1,,,
27-Jan-20,68,25,ES,,2,29,,1,1,,,
27-Jan-20,68,26,ES,,7,26,,1,1,,,
27-Jan-20,68,27,CK,,7,27,,1,1,,,
27-Jan-20,68,28,ES,,7,18,,1,1,,,
27-Jan-20,68,29,ES,,9,58,,1,1,,,
27-Jan-20,68,30,ES,,3,13,,1,1,,,
30-Jan-20,69,1,ES,,2,0,DOA,1,1,,,
30-Jan-20,69,2,ES,,6,44,,1,1,,,
30-Jan-20,69,3,ES,,8,48,,1,1,,,
30-Jan-20,69,4,ES,,3,27,,1,1,,,
30-Jan-20,69,5,ES,,4,13,,1,1,,,
30-Jan-20,69,6,ES,,8,15,,1,1,,,
30-Jan-20,69,7,ES,,4,59,DOA,1,1,,,
30-Jan-20,69,8,ES,,4,35,,1,1,,,
30-Jan-20,69,9,ES,,2,39,,1,1,,,
30-Jan-20,69,10,ES,,9,14,,1,1,,,
30-Jan-20,69,11,ES,,6,41,,1,1,,,
30-Jan-20,69,12,ES,,6,7,,1,1,,,
30-Jan-20,69,13,ES,,6,25,,1,1,,,
30-Jan-20,69,14,ES,,6,54,,1,1,,,
30-Jan-20,69,15,ES,,6,30,,1,1,,,
30-Jan-20,69,16,ES,,7,6,,1,1,,,
30-Jan-20,69,17,ES,,7,17,,1,1,,,
30-Jan-20,69,18,ES,,7,33,,1,1,,,
30-Jan-20,69,19,ES,,5,5,,1,1,,,
